address,name,type,comment
0x000259ca,crt0_start,FUNCTION,"Reset entry (jr from vector 0). Sets gp=0xFFFF0000, tp=0x0001A238, sp=0xFFFFEFFC; zeroes .bss; calls the module init chain (CAN init, COM, PLA, ...). source: re-trace."
0x0002929a,can_com_init,FUNCTION,"CAN + COM init (called from crt0). Brings up AFCAN ch1 @500kbps and ch2 @1Mbps via afcan_init_channel, then registers RX PDUs and the PLA/park-assist + supervision layers. source: re-trace."
0x0000ffb6,afcan_cfg_buffer,FUNCTION,"AFCAN driver: configure a message-buffer's control/config regs (0xFFFFFD00 + (buf-1)*0x20) and its acceptance mask (0xfffff1d6/d8). param1=buffer#, param2=cfg flags. source: re-trace."
0x0001024c,afcan_init_channel,FUNCTION,"AFCAN driver: set up one CAN channel (bitrate/clock) and its buffers. Calls afcan_cfg_buffer + FUN_00010040/000100c0. Called twice by can_com_init: ch1 500000bps, ch2 1000000bps. source: re-trace."
0x00018b00,com_pdu_register,FUNCTION,"COM: register one RX PDU into the router. args(pdu_struct, channel, rx_buffer, e2e_data_id, start_bit, size_bits). Stores id@+0xc, startbit@+0xe; flags oversize (>0x7ff bits) invalid. 21 PDUs registered by com_register_rx_pdus. source: re-trace."
0x00018b70,com_pdu_check_fresh,FUNCTION,COM: check whether a registered RX PDU has fresh data (compares stored E2E checksum via e2e_crc). Returns 0 when stale. source: re-trace.
0x00018ccc,com_pdu_unpack,FUNCTION,"COM: unpack a fresh RX PDU from the router byte-stream into its buffer, validating the E2E checksum (e2e_crc). source: re-trace."
0x00018f04,e2e_crc,FUNCTION,COM E2E checksum compute (compared against the frame's CHECKSUM byte on RX). source: re-trace.
0x0002c044,com_register_rx_pdus,FUNCTION,"COM: registers all 21 RX PDUs (16 distinct msgs, several as redundant twins / on both buses) via com_pdu_register into router 0xfffece9c. Buffers 0xfffe8038..0xfffe9190. source: re-trace."
0x0002c4d6,com_process_rx_pdus,FUNCTION,"COM: per-cycle RX processing; fans out to the per-message consumers (com_rx_msg_*), each doing freshness+E2E then unpack. source: re-trace."
0x0002ce4a,msg_supervision_set,FUNCTION,COM: report per-message reception status to the supervision/DTC layer. arg2 = message-group tag (0x02/04/08/20/40/80/100/200). source: re-trace.
0x0002c50c,com_rx_msg_g80,FUNCTION,"RX consumer for the redundant PDU pair -> supervision tag 0x80; picks whichever twin is fresh, unpacks, reports. source: re-trace."
0x0002c5d2,com_rx_msg_g20,FUNCTION,"RX consumer, supervision tag 0x20 (redundant pair). source: re-trace."
0x0002c706,com_rx_msg_g40,FUNCTION,"RX consumer, supervision tag 0x40 (single PDU). source: re-trace."
0x0002c832,com_rx_msg_g100,FUNCTION,"RX consumer, supervision tag 0x100 (redundant pair, small signal). source: re-trace."
0x0002c76e,com_rx_msg_g02,FUNCTION,"RX consumer, supervision tag 0x02 (redundant pair). source: re-trace."
0x0002c8f8,com_rx_msg_g200,FUNCTION,"RX consumer, supervision tag 0x200 (single PDU). source: re-trace."
0x0002c960,com_rx_msg_g04,FUNCTION,"RX consumer, supervision tag 0x04 (redundant pair). source: re-trace."
0x0002ca94,com_rx_msg_g08,FUNCTION,"RX consumer, supervision tag 0x08 (redundant pair). source: re-trace."
0x00031af2,steer_ctrl_statemachine,FUNCTION,CANDIDATE: large (987-line) steering-control state machine (sole caller FUN_0002e52c); reads the cal parameter block iRamfffe9ef4 and mode flags cRamfffee195/198; uses both 9-bit (0x1ff) and 13-bit (0x1fff) request fields. Likely the HCA/PLA request arbitration+limiting. NOT yet fully traced. source: re-trace(partial).
0x0002ed50,ctrl_signal_proc,FUNCTION,CANDIDATE: control/signal computation reading cal block iRamfffe9ef4; symmetric clamp to +/-0x8e4. Role (which actuator quantity) not yet confirmed. source: re-trace(partial).
0x00025b9a,ctrl_task,FUNCTION,Steering-control task: runs the control cycle (ctrl_cycle) and writes steer signal block outputs. source: re-trace.
0x0002ea72,ctrl_cycle,FUNCTION,Main control cycle: ordered pipeline of ~25 stages (y*_step control modules); calls steer_ctrl_apply in the middle. source: re-trace.
0x0002e52c,steer_ctrl_apply,FUNCTION,"Steer-control wrapper: gathers ~13 inputs from the steer signal block (0xfffec56x/58x) into the SM working area, runs steer_ctrl_statemachine (gated by uRamfffee3ec bit0x40000), distributes outputs to 0xfffec55e/560/562/5c2. source: re-trace."
0x0002e624,steer_ctrl_out,FUNCTION,Post-control output stage: writes SM working results (uRamfffee1ae/1b0/1ba) back to steer signal block outputs (0xfffec562/5c2/560) + status. source: re-trace.
0x00014976,steer_sigblock_init,FUNCTION,"Zero-init of the steering-control signal block 0xfffec550..0xfffec5cc (defaults: +0x31=1,+0x32=0xf,+0x45/46=3). Called once from can_com_init. source: re-trace."
0xfffec550,steer_sigblock,LABEL,Steering-control signal block base (0xfffec550..0xfffec5cc): the central arbitrated-signal struct read by steer_ctrl_apply. Fields 0x56x/0x58x = control-SM inputs; 0x55e/560/562/5c2 = outputs. source: re-trace.
0xfffe9ef4,ctrl_cal_block_ptr,LABEL,Pointer to the control cal-parameter block (RAM shadow of flash cal) indexed by steer_ctrl_statemachine and ctrl_signal_proc as *(iRamfffe9ef4 + off). source: re-trace.
0x000185f2,tp_send,FUNCTION,"ISO-TP transport send/segment (via tp connection state 0xfffec638). Confirms the 0xfffece9c 'router' is the TP/diagnostic path, NOT the periodic-signal COM. source: re-trace."
0x000178fa,assist_trq_deviation_monitor,FUNCTION,"Internal assist torque-tracking safety monitor on eps_assist_status(0xfffed784): expected=request*speed_gain; |measured-expected| > speed-proportional tol (+0xf8, escalate +0x5ed) for ~70 cycles -> latch dev-fault(+0x52) + cut. source: re-trace."
0x000175f2,assist_get_status,FUNCTION,Return the assist-module status field *(state+0x10) (e.g. uRamfffecaac; value 5 gates ctrl_task). source: re-trace.
0xfffed784,eps_assist_status,LABEL,"EPS INTERNAL assist/monitor status struct (NOT the received HCA command). +0x10=assist status (assist_get_status), +0x14=internal escalation level set by FUN_000177aa from motor-speed thresholds 0x6323/0x6f86. Corrected via subagent trace. source: re-trace."
0xfffecaac,eps_assist_status_copy,LABEL,"Copy of eps_assist_status+0x10; ==5 checked in ctrl_task (internal state, not received HCA). source: re-trace."
0x00015d08,can_service,FUNCTION,"Per-cycle CAN service (from ctrl_task), 2 channels: RX loop = if can_rx_fifo_ready, can_rx_fifo_read into rxbuf then can_rx_frame_reassemble; TX loop = can_tx_fifo_flush then can_tx_fifo_write per queued frame. Gated by iRamfffe9ef8 state (2->3). source: re-trace."
0x00015c3a,can_service_init,FUNCTION,"CAN service init (from can_com_init): stores the 2 channel handles (uRamfffec62c/630), clears rxbuf/counters, brings up both channels (FUN_000105b0/FUN_000160aa). source: re-trace."
0x00010712,can_rx_fifo_read,FUNCTION,"CAN RX: drain the receive FIFO (reg 0xfffffd42, count = low nibble of 0xfffffd48/d88) into a memory buffer, per channel (param+0xc = 0 -> ch1 fd4x, 1 -> ch2 fd8x). source: re-trace."
0x0001061a,can_rx_fifo_ready,FUNCTION,CAN RX: test whether the receive FIFO holds a complete frame (returns 0 when data available). source: re-trace.
0x00015eac,can_rx_frame_reassemble,FUNCTION,"CAN RX frame processor: parse the FIFO frame header (counter bits 0x30, type bits 0xc0), check sequence continuity vs expected counter (byte at 0xfffec5e4+ch), reassemble payload into the per-channel rx buffer, flag gaps/overrun in the status word. source: re-trace."
0x000106e2,can_tx_fifo_write,FUNCTION,"CAN TX: write a frame word (param2) to the transmit FIFO/mask regs (0xfffffd44/d46 ch1, d84/d86 ch2) if the buffer is free (0xfffffd48 bit0x40==0). source: re-trace."
0x00010622,can_tx_fifo_flush,FUNCTION,CAN TX: drain/flush the transmit FIFO for a channel (reads 0xfffffd42 count times; sets 0xfffffd48 bit0x80). source: re-trace.
0x00010326,can_tx_msgbuf_load,FUNCTION,"CAN TX: load a transmit message buffer's ID+8 data bytes (0xfffffd40/d80 buffer, data regs d50-d5e/d90-d96). (was afcan_tx_msgbuf). source: re-trace."
0x000289fa,periph_hw_init,FUNCTION,"Peripheral hardware init (from the crt0 init chain): ports 0xfffff600.., timers/PWM, and the CAN receive buffers (0xfffffd40/d80: config=7, mask=0xffff, id=0, data preset 2). source: re-trace."
0x00010040,afcan_set_bittiming,FUNCTION,AFCAN: program a channel's bit-timing / baudrate registers (0xfffffd00/d20 + 0xfffffdc0/d0). source: re-trace.
0xfffec62c,can_ch0_handle,LABEL,CAN service channel-0 handle (+ 0xfffec630 = channel-1). The 2 vehicle CAN buses (500k/1M). source: re-trace.
0xfffe9ef8,can_service_state,LABEL,"CAN service run-state (1=init,2=starting,3=running) gating can_service RX/TX. source: re-trace."
0x0000dc52,motor_pwm_gate_ctrl,FUNCTION,"Power-stage 3-phase gate/fault control: reads the 6 bridge-gate status lines (motor_gate_status 0..5), and on fault sets the shutoff bit 0x40 on the 3 phase PWM control regs (motor_pwm_phaseU/V/W) + trips the power stage. Part of the fast motor-control module. source: re-trace."
0x0000e394,motor_pwm_enable,FUNCTION,Toggle the 3-phase PWM output-enable (bit 0x40 of motor_pwm_phaseU/V/W) around a power-stage self-check (FUN_0000f41e); latches a fault (uRamfffeb66c/e) if the check or gate4 status fails. source: re-trace.
0x0000de90,motor_gate_status,FUNCTION,Return the status of one of the 6 power-bridge gate drivers (arg 0..5 = 3 phases x hi/lo). source: re-trace.
0xfffff1be,motor_pwm_phaseU,LABEL,"3-phase motor PWM control/compare reg, phase U (bit 0x40 = output enable/shutoff). Written by the fast motor-control loop = the physically-applied steering torque. +0x4(0xfffff1c2)=phaseV, +0x6(0xfffff1c4)=phaseW. source: re-trace."
0xfffff1c2,motor_pwm_phaseV,LABEL,"3-phase motor PWM control reg, phase V. source: re-trace."
0xfffff1c4,motor_pwm_phaseW,LABEL,"3-phase motor PWM control reg, phase W. source: re-trace."
0x00032f2c,ctrl_stage_io_marshal,FUNCTION,"A ctrl_cycle control stage (y*_step autocode): marshals steer_sigblock signals (0xfffec566/568/56a/570/572/57a/5a2) into the SM working area (0xfffee15x-16x) with ASIL inverse-copies (^0xffff), gated by uRamfffee3ec bits. source: re-trace."
0x000100c0,afcan_set_dlc,FUNCTION,AFCAN: set a channel's message DLC register (0xFFFFFD02/D22) = data length - 8 clamped. source: re-trace.
0x0001010c,afcan_buffer_enable,FUNCTION,AFCAN: set bit 0x80 on the channel control reg (0xFFFFFD00/D20) to enable the message buffer. source: re-trace.
0x00010128,afcan_buffer_disable,FUNCTION,AFCAN: clear bit 0x80 on the channel control reg (0xFFFFFD00/D20) to disable the buffer. source: re-trace.
0x00010148,afcan_get_status,FUNCTION,AFCAN: read a channel status register (0xFFFFFD04/D24). source: re-trace.
0x00010166,afcan_set_intcfg,FUNCTION,AFCAN: write a channel interrupt/config register (0xFFFFFD06/D26). source: re-trace.
0x00010180,afcan_ctrl_reg,FUNCTION,AFCAN: read/modify a channel control register (0xFFFFFD03/D23). source: re-trace.
0x000105b0,afcan_buffer_request,FUNCTION,AFCAN: raise the TX/RX buffer request bits (0x80/0x40/0x20) on a message buffer (0xFFFFFD40/D80). source: re-trace.
0x000291ae,afcan_start_channel,FUNCTION,AFCAN: bring a CAN channel out of init into normal operation (control regs 0xFFFFFD00/D20 + buffers D40/D80). source: re-trace.
0x000160aa,can_channel_start,FUNCTION,CAN service: start one channel (from can_service_init). source: re-trace.
0x0001612e,can_service_timer_init,FUNCTION,CAN service: init the service-tick timer (0xFFFFF640/641/646/648). source: re-trace.
0x00015e80,can_rx_record_checksum,FUNCTION,"Per-record checksum validator: (0x12 + word0 + word1 + word2) & 0xff == word3 low byte. Each RX FIFO record = 4 words (8 bytes): word1=header(seq b0-3/source b4-5/type b6-7), word3=checksum. Returns 1 if valid. source: re-trace."
0x00015e6e,can_rx_record_commit,FUNCTION,Commit a reassembled RX data record: flag end-of-block in the status word when the record's type bits (0xc0) are set. source: re-trace.
0xfffec614,can_rx_reasm_buf,LABEL,Per-channel RX reassembly buffer (channel*0xc). can_rx_frame_reassemble writes sequence-checked payload bytes here from the segmented FIFO stream; downstream consumers read signals by byte offset. source: re-trace.
0x00033ad2,ctrl_crit_enter,FUNCTION,Control-stage critical-section enter (__disable_irq); each ctrl_cycle stage wraps its worker in enter/exit to guard the shared signal block. source: re-trace.
0x00033ae6,ctrl_crit_exit,FUNCTION,Control-stage critical-section exit (pairs with ctrl_crit_enter). source: re-trace.
0x000332b6,ctrl_cyc_st01,FUNCTION,ctrl_cycle stage 01: wraps control worker FUN_000336fc in ctrl_crit_enter/exit. source: re-trace.
0x0002e66c,ctrl_cyc_st02,FUNCTION,ctrl_cycle stage 02: wraps control worker FUN_0002e8c6 in ctrl_crit_enter/exit. source: re-trace.
0x00033082,ctrl_cyc_st03,FUNCTION,ctrl_cycle stage 03: wraps control worker FUN_0003a372 in ctrl_crit_enter/exit. source: re-trace.
0x0003344e,ctrl_cyc_st04,FUNCTION,ctrl_cycle stage 04: wraps control worker FUN_00034d78 in ctrl_crit_enter/exit. source: re-trace.
0x000337e6,ctrl_cyc_st05,FUNCTION,ctrl_cycle stage 05: wraps control worker FUN_00035e18 in ctrl_crit_enter/exit. source: re-trace.
0x00033382,ctrl_cyc_st06,FUNCTION,ctrl_cycle stage 06: wraps control worker FUN_00034b04 in ctrl_crit_enter/exit. source: re-trace.
0x00033b7e,ctrl_cyc_st07,FUNCTION,ctrl_cycle stage 07: wraps control worker FUN_000371e4 in ctrl_crit_enter/exit. source: re-trace.
0x000337e2,ctrl_cyc_st08,FUNCTION,ctrl_cycle stage 08 (leaf: no separate worker). source: re-trace.
0x00033ca6,ctrl_cyc_st09,FUNCTION,ctrl_cycle stage 09: wraps control worker FUN_00037c5c in ctrl_crit_enter/exit. source: re-trace.
0x00033e4e,ctrl_cyc_st10,FUNCTION,ctrl_cycle stage 10: wraps control worker FUN_00037e56 in ctrl_crit_enter/exit. source: re-trace.
0x0002e50e,ctrl_cyc_st11,FUNCTION,ctrl_cycle stage 11 (leaf: no separate worker). source: re-trace.
0x0002e83c,ctrl_cyc_st12,FUNCTION,ctrl_cycle stage 12: wraps control worker FUN_0003057a in ctrl_crit_enter/exit. source: re-trace.
0x0002e6f4,ctrl_cyc_st13,FUNCTION,ctrl_cycle stage 13 (leaf: no separate worker). source: re-trace.
0x000331e8,ctrl_cyc_st14,FUNCTION,ctrl_cycle stage 14: wraps control worker FUN_0003a890 in ctrl_crit_enter/exit. source: re-trace.
0x0002e7d0,ctrl_cyc_st15,FUNCTION,ctrl_cycle stage 15: wraps control worker FUN_0002fd1c in ctrl_crit_enter/exit. source: re-trace.
0x00032db6,ctrl_cyc_st16,FUNCTION,ctrl_cycle stage 16: wraps control worker FUN_0003857e in ctrl_crit_enter/exit. source: re-trace.
0x00032ec2,ctrl_cyc_st17,FUNCTION,ctrl_cycle stage 17: wraps control worker FUN_000392e2 in ctrl_crit_enter/exit. source: re-trace.
0x00033af6,ctrl_cyc_st18,FUNCTION,ctrl_cycle stage 18: wraps control worker FUN_00036d20 in ctrl_crit_enter/exit. source: re-trace.
0x00033dfa,ctrl_cyc_st19,FUNCTION,ctrl_cycle stage 19: wraps control worker FUN_00037a22 in ctrl_crit_enter/exit. source: re-trace.
0x00033d02,ctrl_cyc_st20,FUNCTION,ctrl_cycle stage 20: wraps control worker FUN_000374ae in ctrl_crit_enter/exit. source: re-trace.
0x00032e36,ctrl_cyc_st21,FUNCTION,ctrl_cycle stage 21: wraps control worker FUN_00038e10 in ctrl_crit_enter/exit. source: re-trace.
0x00034d78,ctrl_worker_main_torque,FUNCTION,"CANDIDATE: largest control-cycle worker (926L, 46 cal-block params, wrapped by ctrl_cyc_st05) -- the core steering-torque computation with heavy saturation arithmetic; reads _ctrl_cal_block_ptr maps, writes the 0xfffee2xx working torque area. Exact sub-function (assist boost vs damping vs compensator) needs the A2L. source: re-trace(partial). HCA-status handling: {5,7}=full engage (identical), 6=limited, 3=off; active max-torque cal=+0x306 (vs +0x2a2 idle), speed clamp +0x2fe/+0x304. source: re-trace+subagent."""
0x00035e18,ctrl_worker_b,FUNCTION,"CANDIDATE: 2nd-largest control worker (870L, 21 cal, wrapped by ctrl_cyc_st06). source: re-trace(partial)."
0x0002fd1c,ctrl_worker_c,FUNCTION,"CANDIDATE: control worker (564L, 36 cal, wrapped by ctrl_cyc_st17). source: re-trace(partial)."
0x0003857e,ctrl_worker_d,FUNCTION,"MONITOR/plausibility worker (485L, wrapped by ctrl_cyc_st16), NOT actuation. Applies a mode-indexed gain that differs for HCA status 5 vs 7 (0003857e.c:182-210): gain=*(cal+0x10) if mode==7, *(cal+0xe) if mode==5, else 0xffff; out=torque_sum*gain>>16 -> hca_mode_gained_torque(0xfffee12a). VERIFIED: its outputs feed ONLY the inverse-redundancy safety RAM (0002e06e), plausibility comparators (000374ae->ctrl_task), and diagnostic/UDS/CAN-TX telemetry -- it writes NONE of the motor-command sigblock outputs (fffec55e/560/562/5c2). So 5 vs 7 does NOT change delivered torque (that path is sm_out*0x4b, fixed; FUN_00034d78 + steer_ctrl_statemachine group 5/7). The 5/7 gain can only shift monitor/fault-plausibility behavior. Mode from assist_mode_echo_a/b. source: re-trace+subagent(verified)."
0x00037e56,ctrl_worker_e,FUNCTION,"CANDIDATE: control worker (401L, 43 cal, wrapped by ctrl_cyc_st12). source: re-trace(partial)."
0xfffec5f8,can_tx_buf,LABEL,"Per-channel CAN TX buffer (ch0 0xfffec5f8, ch1 +0x14). can_service transmits *(ch+0x1b) words from here via can_tx_fifo_write, injecting a rolling counter (from can_rx_reasm_buf) into words 0 and 3. Filled by the COM-layer message packers. source: re-trace."
0xfffec5f6,can_tx_count,LABEL,"Per-channel CAN TX pending word-count (0xfffec5f6, ch1 +0x14); can_service walks 0..count sending can_tx_buf, resets to 0 at end. source: re-trace."
0x00013028,can_tx_idle_word,LABEL,Default TX fill word (sRam00013028) used by can_service when no message word is pending. source: re-trace.
0xfffee1ae,sm_out_cmd_lim,LABEL,"Steer-SM main output command, saturated to +/-0x639 (~1593); copied to steer_sigblock+0x12 (0xfffec562) by steer_ctrl_out. Role inferred from clamp bounds + dataflow. source: re-trace(inferred)."
0xfffee1b0,sm_out_secondary,LABEL,"Steer-SM secondary output (short, -0x8000/0x7fff saturated); -> steer_sigblock 0xfffec5c2. source: re-trace(inferred)."
0xfffee1ba,sm_out_rate,LABEL,"Steer-SM output rate/delta = work - input(0xfffee1a0), saturated; -> steer_sigblock 0xfffec560. source: re-trace(inferred)."
0xfffee1bc,sm_delta_prev,LABEL,"Steer-SM delta vs previous work value (0xfffee1b4 - work), saturated to +/-0x8000. source: re-trace(inferred)."
0xfffee1b4,sm_work_val,LABEL,Steer-SM working accumulator (short). source: re-trace(inferred).
0xfffee1c0,sm_sel_lo,LABEL,Steer-SM selected/blended value (from 0xfffeeb10 or work). source: re-trace(inferred).
0xfffee1c2,sm_sel_hi,LABEL,"Steer-SM selected/blended value (mux: work*flag + self*!flag, from 0xfffeeb12). source: re-trace(inferred)."
0xfffee1c8,sm_mode,LABEL,"Steer-SM mode/state byte, values {1,6,7}. source: re-trace(inferred)."
0xfffee195,sm_mode_in,LABEL,"Steer-SM mode input = steer_sigblock+0x32 (0xfffec582, cal-default 0xf); dispatches cRamfffeeaec/aea. source: re-trace(inferred)."
0xfffee198,sm_flag_in,LABEL,Steer-SM flag input = steer_sigblock 0xfffec589; gates the enable branch. source: re-trace(inferred).
0xfffee18c,sm_in_signal,LABEL,Steer-SM input = steer_sigblock 0xfffec574 (signed). source: re-trace(inferred).
0xfffee1a0,sm_in_ref,LABEL,"Steer-SM reference input (= 0xfffee288, prev cycle) used for sm_out_rate. source: re-trace(inferred)."
0xfffee2b4,assist_mode_a,LABEL,"Assist state/mode A (= steer_sigblock 0xfffec5bf), values {0,3,4,5}; part of the 5-vs-7 mode dispatch. source: re-trace(inferred)."
0xfffee2b5,assist_mode_b,LABEL,"Assist state/mode B, values {0,2,3,7}; the mode-7 branch counterpart to assist_mode_a. source: re-trace(inferred)."
0xfffec566,sigblock_status_a,LABEL,steer_sigblock status/flags word A (bit-masked: set 0x800 / clear 0xf7ff by the RX/state code). -> sm_in @0xfffee19a. source: re-trace(inferred).
0xfffec568,sigblock_status_b,LABEL,steer_sigblock status/flags word B (bit-masked: 0x7d80/0xdfff). -> sm_in @0xfffee196. source: re-trace(inferred).
0xfffec56e,sigblock_sig_a,LABEL,"steer_sigblock signal A (short, from sensor/working sRamfffec9c4). -> sm_in @0xfffee192. source: re-trace(inferred)."
0xfffec564,sigblock_sig_b,LABEL,steer_sigblock signal B (short). -> sm_in @0xfffee190. source: re-trace(inferred).
0xfffec56c,sigblock_sig_c,LABEL,"steer_sigblock signal C (short, from sensor/working sRamfffec9be). -> sm_in @0xfffee18a. source: re-trace(inferred)."
0xfffec574,sigblock_sig_d,LABEL,steer_sigblock signal D (signed). -> sm_in_signal @0xfffee18c. source: re-trace(inferred).
0xfffec582,sigblock_mode,LABEL,steer_sigblock mode/config (cal-default 0xf). -> sm_mode_in @0xfffee195. source: re-trace(inferred).
0xfffec587,sigblock_flag_a,LABEL,steer_sigblock flag A. -> sm_in @0xfffee194. source: re-trace(inferred).
0xfffec589,sigblock_flag_b,LABEL,steer_sigblock flag B (gates SM enable). -> sm_flag_in @0xfffee198. source: re-trace(inferred).
0xfffec58a,sigblock_flag_c,LABEL,steer_sigblock flag C. -> sm_in @0xfffee1a2. source: re-trace(inferred).
0xfffee192,sm_in_sigA,LABEL,Steer-SM input mirror of sigblock_sig_a (0xfffec56e). source: re-trace(inferred).
0xfffee190,sm_in_sigB,LABEL,Steer-SM input mirror of sigblock_sig_b (0xfffec564). source: re-trace(inferred).
0xfffee19a,sm_in_statusA,LABEL,Steer-SM input mirror of sigblock_status_a (0xfffec566). source: re-trace(inferred).
0xfffee196,sm_in_statusB,LABEL,Steer-SM input mirror of sigblock_status_b (0xfffec568). source: re-trace(inferred).
0xfffee18a,sm_in_sigC,LABEL,Steer-SM input mirror of sigblock_sig_c (0xfffec56c). source: re-trace(inferred).
0xfffee5fa,ctrl_val_from_cal620,LABEL,"Control value = cal[0x620] default, else (sVar15+sVar14) sum; compared <0/<1. Likely a torque limit/threshold from the cal block. source: re-trace(inferred)."
0xfffeeafa,ctrl_state,LABEL,"A control-module state machine variable, values {0,1,3,4}. source: re-trace(inferred)."
0xfffee568,ctrl_signed_mag,LABEL,Signed-magnitude intermediate (= +/-sVar13); a torque/angle-like signed value. source: re-trace(inferred).
0xfffee5ce,ctrl_mode_69,LABEL,"Control mode/state, values {6,9}. source: re-trace(inferred)."
0xfffee5ca,ctrl_state_02,LABEL,"Control state, values {0,2}; mirrored to 0xfffee5cb. source: re-trace(inferred)."
0xfffee2b7,ctrl_flag_a,LABEL,Boolean control flag (0/1). source: re-trace(inferred).
0xfffee2bc,ctrl_flag_b,LABEL,Boolean control flag (0/1). source: re-trace(inferred).
0xfffeeae1,ctrl_flag_c,LABEL,Boolean control flag (0/1). source: re-trace(inferred).
0xfffeeae4,ctrl_flag_d,LABEL,Boolean control flag (0/1). source: re-trace(inferred).
0xfffeeaeb,ctrl_flag_e,LABEL,Boolean control flag (0/1). source: re-trace(inferred).
0xfffee5d3,ctrl_state_012,LABEL,"Control state, values {0,1,2}. source: re-trace(inferred)."
0xfffeb4df,hca_status_rx_a,LABEL,"Received HCA status raw byte, primary channel (CAN RX via FUN_00026984 msg case 0x11) -> hca_status_get_a. Values 3=off,6=limited,{5,7}=full engage. source: re-trace(subagent)."
0xfffeb4f1,hca_status_rx_b,LABEL,"Received HCA status raw byte, second channel -> hca_status_get_b. source: re-trace(subagent)."
0x00008454,hca_status_get_a,FUNCTION,Accessor: reads hca_status_rx_a -> hca_status_a (0xfffec595). source: re-trace(subagent).
0x0000848e,hca_status_get_b,FUNCTION,Accessor: reads hca_status_rx_b -> hca_status_b (0xfffec596). source: re-trace(subagent).
0xfffec595,hca_status_a,LABEL,"Received HCA status working copy, primary (init 3 by steer_sigblock_init) -> hca_status_worker_a. source: re-trace(subagent)."
0xfffec596,hca_status_b,LABEL,"Received HCA status working copy, second channel -> hca_status_worker_b. source: re-trace(subagent)."
0x0002e06e,hca_status_latch,FUNCTION,Latches hca_status into the control-worker input (ctrl_cyc_st04 stage). source: re-trace(subagent).
0xfffee294,hca_status_worker_a,LABEL,"Received HCA status as seen by ctrl_worker_main_torque, primary. Compared in FUN_00034d78: ==3 off; {5,6,7} enable; active-steer predicate=((==5)||(==7)); torque-limit select uses cal+0x306 for {5,7}. source: re-trace(subagent)."
0xfffee298,hca_status_worker_b,LABEL,"Received HCA status (2nd channel) in ctrl_worker_main_torque; same {5,7} handling. source: re-trace(subagent)."
0xfffecaa2,veh_speed,LABEL,"Vehicle speed (raw), from CAN uRamfffeb4ba via FUN_000083fa; sentinel 0x2710=invalid. The PLA speed gate compares this vs cal. source: re-trace(subagent)."
0xfffeb4ba,veh_speed_rx,LABEL,Vehicle-speed CAN RX raw (default 0x2710 invalid). -> veh_speed. source: re-trace(subagent).
0xfffe8c26,pla_speed_gate_cal,LABEL,"PLA primary speed-gate threshold (=_ctrl_cal_block_ptr+0x1EA). PLA enable requires veh_speed<=this. Value is coding-loaded (from CAN PDU 0x39f), not fixed flash. source: re-trace(subagent)."
0xfffe8c28,pla_speed_gate_cal2,LABEL,PLA secondary speed-gate threshold (=_ctrl_cal_block_ptr+0x1EC). source: re-trace(subagent).
0x00026984,pla_rx_gate,FUNCTION,"PLA/COM RX + gating dispatcher: applies the speed gate (veh_speed<=pla_speed_gate_cal @line231, sets bRamfffecb82 bit0x10/0x11) and angle/torque cal gates (+0x1C2/1C4/1C6/1DA/1DC). Handles CAN msg case 0x11 (also the HCA status RX). source: re-trace(subagent)."
0x0002b2a0,pla_request_entry,FUNCTION,PLA request entry: requires received request pla_request_status(0xfffec9f0)==0x0A held 5 cycles (cRamfffede79 debounce) before pla_engage. source: re-trace(subagent).
0x0002b2d6,pla_engage,FUNCTION,PLA engage: sets bRamfffecb7f|=0x80 once the request+debounce pass. source: re-trace(subagent).
0x0002b036,pla_engage_predicate,FUNCTION,PLA active predicate: requires internal eps_assist_status==5 + flags bRamfffecb7c/b82(0x80/0x04)/cRamfffecacc + cal flag +0x1C9 + supervision FUN_00023360. source: re-trace(subagent).
0x00027e62,pla_cyclic,FUNCTION,PLA physics cyclic driver: runs the angle limiter every 4th tick ((uRamfffecb50&3)==0). source: re-trace(subagent).
0x0003df8e,pla_angle_limiter,FUNCTION,"PLA per-channel angle limiter: per-update rate clamp +/-0x30 on tracking term (+0x50); feedforward clamp [0,0x5f0]; OUTPUT clamp [0,0x620]. Run 3x by FUN_0003e336. source: re-trace(subagent)."
0x0003e336,pla_limiter_run3,FUNCTION,Runs pla_angle_limiter for the 3 channels. source: re-trace(subagent).
0x0003e3be,pla_limiter_readout,FUNCTION,Reads limiter outputs (idx 0x59/5a/5b) -> pla_angle_out (0xfffeca54/56/58). source: re-trace(subagent).
0x00024608,pla_actuator_write,FUNCTION,PLA actuator write with final clamp to 0x640 (after bias). source: re-trace(subagent).
0xfffed3b4,pla_angle_limiter_state,LABEL,"PLA 3-channel angle-limiter object (rate +/-0x30, output ceiling 0x620). source: re-trace(subagent)."
0xfffecbc8,pla_pwm_driver_state,LABEL,"PLA PWM/timer + safing-chip driver object (writes DAT_fffff58x timers, 0x55-keyed watchdog fffff40a/42a/44a). Carries the PLA output; NOT the angle math (that's pla_angle_limiter_state). Corrected via subagent. source: re-trace(subagent)."
0xfffec9f0,pla_request_status,LABEL,Received PLA request status (from CAN uRamfffeb49f via FUN_00008366); ==0x0A required to engage PLA. source: re-trace(subagent).
0xfffeca54,pla_angle_out,LABEL,PLA angle-command output ch0 (limiter readout; +2/+4 = ch1/ch2). Ceiling 0x620. source: re-trace(subagent).
0xfffec9e8,op_mode,LABEL,Operating-mode state; PLA request only processed when ==7 (FUN_0002bf5e). source: re-trace(subagent).
0xfffecb7f,eps_status_flags,LABEL,EPS status flag byte. bit 0x20 = HCA/steering READY (set in ctrl_task when eps_assist_status+0x10==5 AND +0x50 latch clear AND +0x51 latch clear). This drives the transmitted HCA-available status. source: re-trace(subagent).
0xfffecb7e,assist_engaged_flags,LABEL,"Assist engage flags; bit1 ((x&3)>>1) = 'assist engaged' (set by hca_engage_state5 FUN_0002b626). Gates the fault-qualification counter increments -- if it drops, qualification stalls. bit0x80 = a latched-fault mirror. source: re-trace(subagent)."
0xfffede5c,hca_engage_fsm_state,LABEL,"HCA master engage FSM state, 12 states 0..0xb (+extended 0xc-0x1b at 0x2b924+). Dispatched by rtos_task_dispatcher (FUN_0002de6e) via a RAM code-ptr, ~2.016ms/step. Up-walk 0->..->5(active): dwells 400/1000/1000 (states1/2/3)=2400 steps ~=4.8s to engage. Down-walk on non-active request: 5->6->7->8->9->0xa->0xb(idle), 6 ungated steps + ~40-count(80ms) op_mode-wait; reaching 0xb (FUN_0002b8b4) is the ONLY reset of the 6-min counter. Reset latency is SUB-SECOND (~100ms; the earlier ~2s figure was refuted -- it was a torque-clamp misread), and requires CONTINUOUS non-active (a 5/7 re-assert mid-walk aborts; single ~20ms blips do NOT reset - route144). source: re-trace(emulation-verified; exact exit-debounce tick PARTIAL)."
0xfffede72,hca_dwell_counter,LABEL,Engage-FSM per-state dwell counter (counts up to hca_dwell_target). source: re-trace(subagent).
0xfffede74,hca_dwell_target,LABEL,"Engage-FSM per-state dwell target: state1=400, state2=1000, state3=1000 = 2400 engage-FSM steps total. The FSM runs at ~2.016ms/step (NOT ctrl_task 1.2ms -- corrected), so 2400 steps = ~4.8s to engage (~240 HCA frames @50Hz) = the EPS fault-clear floor. state3's 1000 (~2.016s) = the observed status-4 handover hold. Restarts on any HCA disturbance. source: re-trace(verified)."
0x000177aa,assist_trq_plausibility,FUNCTION,"Torque-channel plausibility + escalation: sets eps_assist_status+0x10=5 when supply-normalized torque +6 is in-band [0x1dbc,0x5444); sets fault +0x51 / status 8 on over-range (+6 > 0x6f86). source: re-trace(subagent)."
0x00017b2a,fault_debounce_a,FUNCTION,"Fault-qualification/debounce sub-FSM: counter +0x22 increments ONLY while assist_engaged (bRamfffecb7e bit1), threshold +0x3c (0x9bf=2495 in state2); latches +0x18/+0x51 on expiry, clears on clean recovery. source: re-trace(subagent)."
0x00017cd2,fault_debounce_b,FUNCTION,"Fault-qualification/debounce sub-FSM (counter +0x24, +0x50 latch). source: re-trace(subagent)."
0x0002b626,hca_engage_state5,FUNCTION,Engage-FSM state-5 entry = active; sets assist_engaged (bRamfffecb7e|=2). source: re-trace(subagent).
0x0002bfe6,fsm_transition_gate,FUNCTION,"Engage-FSM transition gate: emits next-state event only when hca_dwell_counter>=hca_dwell_target AND guards met (_op_mode==3, plausibility uRamfffede7c==2, cRamfffede70==0). Unmet guard => FSM stalls in-state (minutes). source: re-trace(subagent)."
0x00016294,tx_assist_status,FUNCTION,Marshals eps_assist_status (+0x10) into the transmitted steering-status COM group (0xfffed720) = the HCA-available status an external controller reads. source: re-trace(subagent).
0x0002dfa4,hw_timer_program,FUNCTION,"Programs the base scheduler timer (0xfffff600 prescaler=6=/512 -> 250kHz, compare 0xfffff606=24) = 100us base tick (10kHz). Clock = 128MHz fosc. source: re-trace(subagent)."
0x0002d9e6,sched_timer_setup,FUNCTION,"Stores fosc=128MHz + period arg, then calls hw_timer_program. source: re-trace(subagent)."
0x0002ddd6,sw_timer_wheel,FUNCTION,"Software timer wheel: per 100us base tick, decrements each armed timer's +6 countdown; at 0 reloads +6=period and marks ready. Drives ctrl_task (period 12 ticks=1.2ms) etc. source: re-trace(subagent)."
0x0002da1e,sw_timer_register,FUNCTION,"Register a software timer with its period (in 100us base ticks). ctrl_task=12(1.2ms), input task=100(10ms), 5ms=50. source: re-trace(subagent)."
0xfffff600,base_tick_timer,LABEL,"Base scheduler timer = 100us tick (prescaler /512 of 128MHz, compare 24). source: re-trace(subagent)."
0xfffec9d4,boot_tick_counter,LABEL,"Monotonic system boot tick: reset to 0 at init (FUN_0002a0de), +1 per 100us base tick (ISR). Gates ALL received-message supervision: while below the grace threshold, supervision is suppressed and EPS reports the benign default (EPS_HCA_Status=READY=3); once above, supervision runs and an absent HCA_01 resolves to FAULT=2. source: re-trace(subagent)."
0xfffe8a26,supervision_grace_cal,LABEL,COM reception-supervision startup-grace threshold (cal). READY-hold = this many boot ticks x 100us. Guards `boot_tick_counter <= supervision_grace_cal` across ~7 supervision fns. ~10430 ticks =~1043ms (empirically matched); hard literal cap 0x2f15=12053 ticks=~1205ms. Read live for exact value. source: re-trace(subagent).
0x0001c7d2,supervision_status_init,FUNCTION,Inits per-message supervision status bytes (+0x10/0x14/0x18/0x1c) to 2 = fault/substitution default; this is the value reported once the boot-grace expires with the message absent. source: re-trace(subagent).
0xfffe8a4a,hca_mode5_monitor_gain,LABEL,"Q16 gain applied by the MONITOR worker ctrl_worker_d (FUN_0003857e) when received HCA status==5 (=_ctrl_cal_block_ptr+0xe). Coding-loaded from CAN PDU 0x39f. NOT a delivered-torque gain -- ctrl_worker_d is plausibility/telemetry only (verified). It vs hca_mode7_monitor_gain(+0x10) can shift fault/plausibility behavior between 5 and 7, but not motor torque. source: re-trace+subagent(verified)."
0xfffe8a4c,hca_mode7_monitor_gain,LABEL,"Q16 gain applied by the MONITOR worker ctrl_worker_d (FUN_0003857e) when received HCA status==7 (=_ctrl_cal_block_ptr+0x10). Coding-loaded from CAN PDU 0x39f. Mode-7 counterpart to hca_mode5_monitor_gain; affects only the plausibility/monitor plane, not delivered torque (which is 5==7). source: re-trace+subagent(verified)."
0xfffee116,assist_mode_echo_a,LABEL,"assist_mode_a echo (from fffee2c6 via ctrl_cyc_st16/00032db6.c:12); low byte drives the 5-vs-7 torque-gain select in ctrl_worker_d (FUN_0003857e). source: re-trace."
0xfffee117,assist_mode_echo_b,LABEL,"assist_mode_b echo (from fffee2d0 via 00032db6.c:14); channel-B counterpart driving ctrl_worker_d's mode-gain select. source: re-trace."
0xfffee12a,hca_mode_gained_monitor,LABEL,"ctrl_worker_d (FUN_0003857e) MONITOR output after the mode-indexed 5/7 gain (0003857e.c:210). Consumed only by the inverse-redundancy safety RAM (lockstep ~copy in 0002e06e.c: fffee31a/446) and plausibility/telemetry -- NOT the motor drive. Not delivered torque. source: re-trace(verified)."
0x0000cf56,motor_current_setpoint,FUNCTION,"Delivered motor-current setpoint: writes uRamfffeb6f6 = clamp(|param_1|*0x4b>>8, 0xffd), sign bit 0x80. param_1 = sm_out_rate(0xfffec560); param_2 selects normal(0)/hold-0xffe(1)/max-0xfff(2). FIXED gain 0x4b -- NO assist-mode(5/7) scaling. This is the real actuation gain. source: re-trace(verified)."
0x0002a740,motor_cmd_stage,FUNCTION,"Final motor-command stage: calls motor_current_setpoint(sm_out_rate, sel) with sel from sigblock status bits (fffec55e &1/&0x20 = hold/max), and cf32/d012 to record the assist-mode nibble as status only. No 5/7 torque scaling on the delivered path. source: re-trace(verified)."
0xfffec560,sm_torque_setpoint,LABEL,"Steering-SM torque setpoint (= sm_out_rate copy) fed to motor_current_setpoint*0x4b. The delivered-torque source; identical for HCA status 5 and 7 (SM + main worker group {5,7}). source: re-trace(verified)."
0xfffe8d42,hca_torque_cap_active,LABEL,"Active symmetric max-torque cap on the HCA_01_LM_Offset request in ctrl_worker_main_torque (=_ctrl_cal_block_ptr+0x306), used when engaged (bVar3=status in {5,7}); SAME for mode 5 and 7. Coding-loaded (PDU 0x39f), not in static image. source: re-trace(verified)."
0xfffe8cde,hca_torque_cap_idle,LABEL,"Idle/default max-torque cap (=_ctrl_cal_block_ptr+0x2a2), used when not full-active. source: re-trace."
0xfffe8d3a,hca_torque_ramp_a,LABEL,"Per-cycle torque rate/ramp limit A (=_ctrl_cal_block_ptr+0x2fe), used at low-speed/near-threshold (uVar35-0x1e<0x28 && cal+0x2f4==0) in ctrl_worker_main_torque. Selected by speed/tracking, NOT status -> SAME for 5 and 7. Coding-loaded. source: re-trace(verified)."
0xfffe8d40,hca_torque_ramp_b,LABEL,"Per-cycle torque rate/ramp limit B (=_ctrl_cal_block_ptr+0x304), the other-regime ramp; SAME for 5 and 7. Coding-loaded. source: re-trace(verified)."
0xfffe8d44,hca_mode8_torque_band,LABEL,"Torque band threshold (=_ctrl_cal_block_ptr+0x308) driving the cVar33/cStack_51 handshake that promotes assist_mode 5/7 -> internal mode 8 in FUN_00034d78. source: re-trace(subagent)."
0xfffe8d31,hca_mode8_enable_coding,LABEL,"Coding byte (=_ctrl_cal_block_ptr+0x2f5) gating the internal mode-8 promotion; if 0, 5/7 never ratchet to 8. Mode 8 is internal-only (not a commandable HCA status). source: re-trace(subagent)."
0xfffede84,hca_engage_time_counter,LABEL,"32-bit up-counter for MAX CONTINUOUS HCA-active time. +1 each active-state cycle (FUN_0002be80); trips at literal 180000 in guard FUN_0002ae62 -> forces disengage; reset to 0 ONLY at engage-FSM idle state 0xb (FUN_0002b8b4). NO decrement (grep-confirmed 3 refs). 180000 counts x 2.016ms tick = 362.8s = ~6.05min. Tick EMPIRICALLY confirmed: route 15e6fc3f...00000144 forced 10 timeouts spaced 364.7s +-0.34, engaged windows ~362.8s, EPS_HCA_Status 7->4(held ~2.04s)->3 handover. Threshold is static flash, NOT coding. source: re-trace+subagent+log-verified."
0x0002ae62,hca_max_engage_guard,FUNCTION,"Statechart transition guard: fires disengage (returns true) when engaged (bRamfffecb7c&0x20) AND (supervision bRamfffecb80&0x40 set OR hca_engage_time_counter>=180000). The 6-min max-continuous-engagement exit. Literal 180000 @:15. source: re-trace(verified)."
0x0002be80,hca_active_during_action,FUNCTION,"During-action of the engage-FSM active state: increments hca_engage_time_counter unconditionally (:11) at ~2.016ms/step and, when FUN_00010bbe()==0, arms the 15-min backstop hca_engage_backstop_timer via FUN_0000df94 (fffeb678=90000; decremented on the SEPARATE motor-gate loop = 15min, NOT 3min). Driven by received status 5/7 + op_mode, NOT the torque-override mode. source: re-trace(verified)."
0x0002b8b4,hca_engage_fsm_idle,FUNCTION,"Engage-FSM idle/full-disengage state 0xb entry (uRamfffede5c=0xb). Zeroes hca_engage_time_counter (:18) -- the ONLY reset of the 6-min timer. Reachable only when the received HCA request goes non-active. source: re-trace(verified)."
0xfffeb678,hca_engage_backstop_timer,LABEL,"~15-min HCA-engagement/power-stage backstop (NOT a 3-min warn -- corrected this session). Armed=90000 (FUN_0000df94) from the active during-action; DECREMENTED only by FUN_0000e11c inside motor_pwm_gate_ctrl at HALF the 5ms motor-gate rate = 10ms/count => 90000x10ms=900s=15min (proven emu+xref; the motor loop is a DIFFERENT clock from the 2.016ms engage FSM). On expiry sets 0xfffeb66e -> assist_engaged_flags bit0x10 -> hca_max_engage_guard disengage. In continuous HCA the 6-min counter trips first and the down-walk (FUN_0000df86) resets this, so it rarely reaches 0. source: re-trace(verified)."
0x0002de6e,rtos_task_dispatcher,FUNCTION,"Cooperative-RTOS task dispatcher (from sw_timer_wheel). Invokes each ready task body through a RAM code-ptr at TCB+0xc: (**(code**)((&DAT_fffee0dc)[idx]+0xc))(). PROVEN by Ghidra p-code emulation. This is how the engage-statechart state functions are reached -- they have NO static caller because the pointer is built in RAM at init. NOTE: this ECU's +0x12000 pointer convention applies to CODE too (real task bodies at file = ECU_addr-0x12000, e.g. cb ECU 0x3fa22 -> file 0x2da22; file 0x3fa22 is fill). source: re-trace(emulation-verified)."
0x0002b458,hca_engage_state0,FUNCTION,"Engage-FSM state 0 (init/reset); sets hca_engage_fsm_state=0. Entered once from init (jarl @0x25a0a). source: re-trace(emulation-verified)."
0x0002b45e,hca_engage_state1,FUNCTION,"Engage-FSM state 1 entry. During-action FUN_0002ba40 decrements state-1 pre-debounce fffede70(=10) then runs fsm_transition_gate(1); dwell target 400 (~0.8s @2.016ms). source: re-trace(emulation-verified)."
0x0002b49a,hca_engage_state2,FUNCTION,"Engage-FSM state 2 entry (dwell target 1000 = ~2.016s @2.016ms). source: re-trace(emulation-verified)."
0x0002b5c4,hca_engage_state3,FUNCTION,"Engage-FSM state 3 entry (dwell target 1000 = ~2.016s); last up-walk dwell before active. Its 1000-count dwell = the observed ~2.04s HCA-status handover hold. source: re-trace(emulation-verified)."
0x0002b5f8,hca_engage_state4,FUNCTION,"Engage-FSM state 4 entry (pre-active). source: re-trace(emulation-verified)."
0x0002b66a,hca_engage_state6,FUNCTION,"Engage-FSM state 6 (down-walk active->idle); ungated ~1 step. source: re-trace(emulation-verified)."
0x0002b706,hca_engage_state7,FUNCTION,"Engage-FSM state 7 (down-walk); ungated ~1 step. source: re-trace(emulation-verified)."
0x0002b73a,hca_engage_state8,FUNCTION,"Engage-FSM state 8 (down-walk); op_mode-wait during-action FUN_0002be3a with fffede78=40-count (~80ms) timeout. source: re-trace(emulation-verified)."
0x0002b778,hca_engage_state9,FUNCTION,"Engage-FSM state 9 (down-walk); op_mode-wait during-action FUN_0002bd28 (fffede78=40). source: re-trace(emulation-verified)."
0x0002b7e4,hca_engage_state10,FUNCTION,"Engage-FSM state 0xa (disengage): clears assist_engaged_flags&=0xfd; next -> idle 0xb. source: re-trace(emulation-verified)."
0xfffede78,hca_engage_opmode_wait,LABEL,"Engage-FSM op_mode-wait/disengage timeout counter (limit 0x28=40 = ~80ms @2.016ms). Used in down-walk states 8/9 (FUN_0002be3a/0002bd28); on timeout posts supervisor event 0x105. source: re-trace(verified)."
0xfffede70,hca_engage_state1_debounce,LABEL,"Engage-FSM state-1 pre-debounce counter (=10, ~20ms @2.016ms); decremented in FUN_0002ba40. source: re-trace(verified)."
0xfffed66c,hca_rx_superv_struct,LABEL,"HCA_01 reception E2E-supervision struct (arg to the fns below). Fields: +0xc=startup state(0=counting,2=done); +0x2c=startup confirm counter (->0x259=601); +0x10/+0x14/+0x18/+0x1c=4 channel states(2=no-data,1/3/4/5/6=recv/pending); +0x21..+0x24=per-channel E2E input codes (3/5/7/9=fresh-valid); +0x28=aggregate output state read by hca_superv_state_to_freshflag; +0x2e/+0x30/+0x32/+0x34=per-channel timeout counters(0x259); +0x36=one-shot missing-msg LATCH. source: re-trace(verified)."
0x0001d2f2,hca_rx_e2e_statemachine,FUNCTION,"HCA_01 reception E2E state machine (struct hca_rx_superv_struct). Each channel: 2->1 when its input code says fresh-valid (recovery); a channel timeout counter(0x259) or the startup window closing with all channels still==2 sets the +0x36 latch (0001d2f2.c:19,44). Writes aggregate state +0x28. During startup (+0x2c<601, +0xc==0) output forced to state 1 => EPS reports READY. source: re-trace(verified)."
0x0001d906,hca_fault_bit_recompute,FUNCTION,"LIVE recompute of the HCA fault bit: _sigblock_status_a |= 0x100 (FAULT) iff (hca_fresh_flag_a&1)==0 OR (hca_fresh_flag_b&1)==0, else clears. Bit 0x100 -> uRamfffee394 -> uRamfffee29c -> assist_mode=2 (LH_EPS_03 FAULT). The RECOVERABLE path. NOTE (adversarial-verified): bit 0x100 is NOT single-sourced -- hca_fault_aggregate_gate (FUN_0001d972, dispatched AFTER this for idx 0xa2/a3/a6) can force it via |=0xc1f9 when the aggregate flags fffea1a0/1ac/19c are stale, SKIPPING this recompute. Recovery needs those aggregates fresh too. source: re-trace(verified)."
0x0001d972,hca_fault_aggregate_gate,FUNCTION,"Second writer of _sigblock_status_a bit 0x100. The aggregates fffea1a0/fffea1ac/fffea19c are the freshness flags of supervision idx 0xa2/a3/a6 = the REDUNDANT HCA sub-channels (C/D) of the SAME hca_rx_superv_struct (d5ec/d2f2 states 4/5); c992 passes 0xfffed66c for them. So this is the HCA fault aggregated across all 4 redundant channels, NOT a foreign fault: if any is stale -> _sigblock_status_a |= 0xc1f9 (force FAULT + skip hca_fault_bit_recompute). => recovery to READY needs ALL 4 redundant HCA channels fresh, not just the 2 primary flags. source: re-trace(verified)."
0x0007881e,superv_timestamp_countdown,FUNCTION,"Per-message supervision timestamp/age countdown on superv_msg_flags/timestamp (0xfffe9f14/9f16, stride). Message-present branch decrements the timestamp; at 0 it transitions the state nibble (writes 2 or 8 = bit0 clear = the runtime 'clear' of the freeze-LSB). BUT this recovery branch requires timestamp != 0; superv_freeze_msg zeroes it, so a FROZEN entry's recovery is inert -> latch stays until power cycle. source: re-trace(adversarial-verified)."
0x0001d5ec,hca_superv_state_to_freshflag,FUNCTION,"Maps aggregate supervision state (+0x28) to the freshness flag (*param_3 -> hca_fresh_flag_a/b). Sets flag=1 (OK) in states 1/3+cond/4/5. GATED at entry by superv_msg_flags bit0 (frozen/disable): if set, the whole update is SKIPPED -> flag stays 0 -> HCA fault never clears = HARD LATCH. source: re-trace(verified)."
0x0001d4aa,hca_missing_msg_dtc_commit,FUNCTION,"Cyclic (via 000275d8): if the +0x36 latch is set AND HCA still not-received on all channels, loops messages and commits CONFIRMED DTCs via dtc_event_set(msg,1,1), then clears +0x36. This is the step that turns a soft missing-HCA fault into a latched one. source: re-trace(verified)."
0x0001b980,dtc_event_set,FUNCTION,"DTC/event manager: sets event-status + confirmed bit (0x80) in the per-event table (base ~-0x13790); (param2,param3) select set/confirm/query. The confirmed-DTC sink for missing HCA. source: re-trace(verified)."
0x0001cba2,superv_freeze_msg,FUNCTION,"Freezes one message's supervision: superv_msg_flags[msg] = 0x81 (bit0=disable + bit7=confirmed), clears its timestamp. Once set, hca_superv_state_to_freshflag skips that msg -> permanent fault. The HARD-LATCH enforcement. source: re-trace(verified)."
0x0001d064,superv_boot_grace_gate,FUNCTION,"Boot-grace gate: compares boot_tick_counter vs two thresholds (0x1dbc=7612 ~761ms, 0x22b1=8881 ~888ms); around them (re)initializes the per-msg supervision entries (superv_freeze_msg + superv_set_active_bit) so supervision is suppressed at boot (EPS READY) then activated. source: re-trace(verified)."
0x0001ce12,superv_set_active_bit,FUNCTION,"Sets(0x20)/clears superv_msg_flags bit5 (supervision-active) for one msg based on param2. source: re-trace(verified)."
0x0001c992,superv_dtc_process_cycle,FUNCTION,"Per-cycle DTC propagation: for each msg walks superv_msg_flags low nibble; uses hca_superv_state_to_freshflag to decide received-ok (set bit2) vs fault (dtc_event_set); clears/consumes the confirmed bit 0x80. source: re-trace(verified)."
0x0001d5b0,superv_set_e2e_code,FUNCTION,"Writes a channel's E2E input code into hca_rx_superv_struct+0x20+channel (drives the state machine 2->1 recovery). Called from the HCA RX handler FUN_00026984 with codes derived from the E2E/freshness check. source: re-trace(verified)."
0x0001cbd6,superv_freeze_on_dtc_op,FUNCTION,"Freezes all superv_msg_flags entries for a message when a DTC-manager query (dtc_event_set(msg,0xff,5)) returns 0 (e.g. DTC clear/init). source: re-trace(verified)."
0xfffea02c,hca_fresh_flag_a,LABEL,"HCA freshness flag ch A (bit0). Set=1 by hca_superv_state_to_freshflag when supervision reports OK; read by hca_fault_bit_recompute. Frozen at 0 if superv_msg_flags disable bit is set. source: re-trace(verified)."
0xfffea060,hca_fresh_flag_b,LABEL,"HCA freshness flag ch B (bit0); the second input to hca_fault_bit_recompute. source: re-trace(verified)."
0xfffe9f14,superv_msg_flags,LABEL,"Per-message supervision flag table (byte, stride 4, ~0xac msgs; code refs it as addr-0x160ec). bit0=frozen/disable (skips freshness update=hard latch), bit1=pending, bit2=received-ok, bit5=active, bit7=confirmed-DTC. Written by superv_freeze_msg/superv_set_active_bit/superv_dtc_process_cycle. source: re-trace(verified)."
0xfffe9f0c,superv_pending_count,LABEL,"Count of messages with a pending (not-yet-confirmed) supervision fault; decremented as each confirms/clears. source: re-trace(verified)."
0xfffff400,hw_assist_status_sfr,LABEL,"READ-ONLY hardware status register from an external safing/motor-driver monitor chip (peripheral block fffff400=status, fffff402-40a=writable config/control). NEVER written by software -> NOT spoofable via CAN/SW. Low bits 1,2 (&6) = fault/OK pair (FUN_000234a4/2345e). Bit4 (read_assist_active_bit FUN_0002919e, also checked in engage-FSM 0002b45e) = power-stage/motor 'active' discrete; debounced (FUN_00015326 ~300) -> eps_status_flags2 bit0x40 -> HCA supervision ch2 freshness. Polarity (data-confirmed): motor active -> ch2 fresh -> HCA fault recovers; parked/still -> ch2 stale -> latch. ONLY trigger to recover a parked latch = physical steering torque (turn wheel -> base assist -> motor current -> bit4). source: re-trace(verified; MEDIUM on exact bit4 vs bench)."
0x0002919e,read_assist_active_bit,FUNCTION,"Returns (DAT_fffff400 & 0x1f)>>4 = hw_assist_status_sfr bit4 (assist/safing active). Feeds the HCA ch2 recovery gate. source: re-trace(verified)."
0xfffecb7c,eps_status_flags2,LABEL,"EPS status flags word 2. Bit0x40 = debounced read_assist_active_bit (set in 000275d8:79 via FUN_00015326). Consumed at 00026984:453: (bit0x40==0) -> HCA supervision ch2 code=5 (fresh) -> aggregate state 3 -> heals BOTH redundant HCA channels -> clears the fault. Also the master 'assist active' gate DAT_fffe9e93. source: re-trace(verified)."
