canid,dbc_name,sender,dir,in_msgcfg,in_cluster,gw_target,routine,state_ram
0x002,,,RX,Y,,,0x91898,0x4048d8
0x003,,,RX,,Y,,,
0x006,,,RX,,Y,,,
0x00b,,,RX,,Y,,,
0x00e,,,RX,Y,,,0x9036c,0x404918
0x021,,,RX,,Y,,,
0x031,,,RX,Y,,,0x8e3ec,0x404868
0x035,,,RX,Y,,,0x8e3ec,0x404870
0x036,,,RX,Y,,,0x8e3ec,0x40487c
0x037,,,RX,Y,,,0x8e3ec,0x404878
0x038,,,RX,Y,,,0x8e3ec,0x40486c
0x039,,,RX,Y,,,0x8e3ec,0x404880
0x03a,,,RX,Y,,,0x8e3ec,0x404874
0x045,,,RX,,Y,,,
0x049,,,RX,,Y,,,
0x04d,,,RX,,Y,,,
0x04f,,,RX,Y,,,0x908d4,0x4048fc
0x052,,,RX,,Y,,,
0x053,,,RX,Y,,,0x8e3ec,0x404864
0x054,,,RX,,Y,,,
0x065,,,RX,,Y,,,
0x066,,,RX,,Y,,,
0x067,,,RX,,Y,,,
0x068,,,RX,,Y,,,
0x069,,,RX,,Y,,,
0x06b,,,RX,,Y,,,
0x06c,,,RX,,Y,,,
0x06d,,,RX,,Y,,,
0x06f,,,RX,Y,,,0x9036c,0x404910
0x070,,,RX,,Y,,,
0x074,,,RX,,Y,,,
0x075,,,RX,,Y,,,
0x076,,,RX,,Y,,,
0x078,,,RX,,Y,,,
0x07b,,,RX,,Y,,,
0x080,Motor_01,Motor_EDC17_D4,RX,,Y,,,
0x081,Motor_02,Motor_EDC17_D4,RX,,Y,,,
0x082,Getriebe_01,Getriebe_AL551_951_D4_C7,RX,,Y,,,
0x083,Getriebe_02,Getriebe_AL551_951_D4_C7,RX,,Y,,,
0x085,SCU_01,SCU_D4,RX,,Y,,,
0x090,,,RX,,Y,,,
0x092,,,RX,,Y,,,
0x093,,,RX,Y,,,0x91898,0x4048e0
0x094,,,RX,Y,,,0x9036c,0x404908
0x096,,,RX,,Y,,,
0x098,,,RX,Y,,,0x8e3ec,0x404894
0x099,,,RX,Y,,,0x8e3ec,0x404890
0x09a,,,RX,Y,,,0x8e3ec,0x404898
0x09b,,,RX,,Y,,,
0x09c,,,RX,Y,,,0x91898,0x4048e4
0x09e,,,RX,,Y,,,
0x0a3,,,RX,,Y,,,
0x0a4,,,RX,,Y,,,
0x0a5,,,RX,,Y,,,
0x0a7,,,RX,,Y,,,
0x0b3,,,RX,,Y,,,
0x0b5,,,RX,Y,,,0x8e3ec,0x40456c
0x0b6,,,RX,Y,,,0x8e3ec,0x404568
0x0b7,,,RX,Y,,,0x8e3ec,0x404560
0x0b8,,,RX,Y,,,0x8e3ec,0x404564
0x0ba,,,RX,Y,Y,,0x8e3ec,0x404838
0x0bb,,,RX,Y,Y,,0x8e3ec,0x404858
0x0bc,,,RX,Y,Y,,0x8e3ec,0x40485c
0x0bd,,,RX,Y,Y,,0x8e3ec,0x404860
0x0be,,,RX,Y,,,0x8e3ec,0x4045bc
0x0bf,,,RX,Y,,,0x8e3ec,0x4045b8
0x0c0,,,RX,Y,Y,,0x8e3ec,0x40482c
0x0c1,,,RX,Y,Y,,0x8e3ec,0x4047b4
0x0c2,,,RX,Y,Y,,0x8e3ec,0x404840
0x0c4,,,RX,Y,,,0x8e3ec,0x404660
0x0c6,,,RX,Y,,,0x8e3ec,0x404664
0x0c7,,,RX,Y,,,0x8e3ec,0x404730
0x0c8,,,RX,Y,,,0x8e3ec,0x404714
0x0c9,,,RX,Y,,,0x8e3ec,0x40470c
0x0ca,,,RX,Y,,,0x8e3ec,0x404710
0x0cf,,,RX,Y,,,0x8e3ec,0x404640
0x0d0,,,RX,Y,,,0x8e3ec,0x404638
0x0d1,,,RX,Y,,,0x8e3ec,0x404628
0x0d2,,,RX,Y,,,0x8e3ec,0x404620
0x0d3,,,RX,Y,,,0x8e3ec,0x404618
0x0d4,,,RX,Y,,,0x8e3ec,0x40461c
0x0d5,,,RX,Y,,,0x8e3ec,0x404614
0x0d6,,,RX,Y,,,0x8e3ec,0x40460c
0x0d7,,,RX,Y,,,0x8e3ec,0x404604
0x0d8,,,RX,Y,,,0x8e3ec,0x404608
0x0d9,,,RX,Y,,,0x8e3ec,0x404644
0x0da,,,RX,Y,,,0x8e3ec,0x40463c
0x0db,,,RX,Y,,,0x8e3ec,0x404634
0x0dc,,,RX,Y,,,0x8e3ec,0x404630
0x0dd,,,RX,Y,,,0x8e3ec,0x40462c
0x0de,,,RX,Y,,,0x8e3ec,0x404624
0x0df,,,RX,Y,,,0x8e3ec,0x404610
0x0e0,,,RX,Y,Y,,0x8e3ec,0x4045d0
0x0e1,,,RX,Y,,,0x8e3ec,0x4045f8
0x0e2,,,RX,Y,,,0x8e3ec,0x4045dc
0x0e3,,,RX,Y,,,0x8e3ec,0x4045d4
0x0e4,,,RX,Y,,,0x8e3ec,0x4045d8
0x0e5,,,RX,Y,,,0x8e3ec,0x404600
0x0e6,,,RX,Y,,,0x8e3ec,0x4045fc
0x0e7,,,RX,Y,,,0x8e3ec,0x40479c
0x0e8,,,RX,Y,,,0x8e3ec,0x404798
0x0e9,,,RX,Y,,,0x8e3ec,0x40465c
0x0ea,,,RX,Y,,,0x8e3ec,0x404654
0x0eb,,,RX,Y,,,0x8e3ec,0x404658
0x0ec,,,RX,,Y,,,
0x0ed,,,RX,Y,,,0x8e3ec,0x404650
0x0ee,,,RX,Y,,,0x8e3ec,0x40464c
0x0ef,,,RX,Y,,,0x8e3ec,0x4045c4
0x0f0,,,RX,Y,,,0x8e3ec,0x4045c0
0x0f1,,,RX,Y,,,0x8e3ec,0x404648
0x0f2,,,RX,Y,,,0x8e3ec,0x4045cc
0x0f3,,,RX,Y,,,0x8e3ec,0x4045c8
0x0f4,,,RX,Y,,,0x8e3ec,0x4046d4
0x0f5,,,RX,Y,,,0x8e3ec,0x4046d0
0x0f6,,,RX,Y,,,0x8e3ec,0x4046cc
0x0f7,,,RX,,Y,,,
0x0f8,,,RX,,Y,,,
0x0f9,,,RX,,Y,,,
0x0fa,,,RX,,Y,,,
0x0fb,,,RX,,Y,,,
0x0fc,,,RX,,Y,,,
0x0fd,,,RX,,Y,,,
0x0fe,,,RX,,Y,,,
0x0ff,,,RX,,Y,,,
0x100,ESP_01,Gateway_D4C7,TX,,Y,,,
0x101,ESP_02,Gateway_D4C7,TX,,Y,,,
0x102,Getriebe_03,Getriebe_AL551_951_D4_C7,RX,,Y,0x304,,
0x103,ESP_03,Gateway_D4C7,TX,,Y,,,
0x104,EPB_01,EPB_D4,RX,,Y,,,
0x105,Motor_03,Motor_EDC17_D4,RX,,Y,,,
0x106,ESP_05,Gateway_D4C7,TX,,Y,,,
0x107,Motor_04,Motor_EDC17_D4,RX,,Y,,,
0x108,,,RX,,Y,,,
0x109,ACC_01,Gateway_B8,RX,,Y,,,
0x10a,TSK_01,Motor_MLB_AU48_AU416_Diesel,RX,,Y,,,
0x10b,LS_01,Gateway_D4C7,RX,,Y,,,
0x10c,TSK_02,Motor_MLB_AU48_AU416_Diesel,RX,,Y,,,
0x111,TSK_05,Motor_EDC17_D4,RX,,Y,,,
0x112,,,RX,,Y,,,
0x113,,,RX,,Y,,,
0x114,Motor_10,Motor_EDC17_D4,RX,,Y,,,
0x115,,,RX,,Y,,,
0x116,,,RX,,Y,,,
0x117,ACC_10,XXX,RX,Y,,,0x8e3ec,0x404588
0x118,,,RX,Y,,,0x8e3ec,0x404584
0x119,,,RX,Y,,,0x8e3ec,0x404580
0x11c,,,RX,Y,,,0x91898,0x4048dc
0x11d,LH_EPS_02,Gateway_D4C7,RX,Y,,,0x8e3ec,0x404760
0x11e,ESP_08,Vector__XXX,TX,Y,,,0x8e3ec,0x404754
0x11f,,,RX,Y,,,0x8e3ec,0x40474c
0x120,,,RX,Y,,,0x8e3ec,0x404750
0x121,,,RX,Y,,,0x8e3ec,0x404758
0x122,,,RX,Y,,,0x8e3ec,0x40475c
0x123,,,RX,Y,,,0x8e3ec,0x40459c
0x124,,,RX,Y,,,0x8e3ec,0x404598
0x125,,,RX,Y,Y,,0x8e3ec,0x4047d4
0x126,HCA_01,Frontsensorik,RX,Y,Y,,0x8e3ec,0x4047f0
0x127,,,RX,Y,Y,,0x8e3ec,0x4047f4
0x128,,,RX,Y,Y,,0x8e3ec,0x4047f8
0x129,,,RX,Y,,,0x8e3ec,0x404594
0x12a,,,RX,Y,,,0x8e3ec,0x404590
0x12b,,,RX,Y,Y,,0x8e3ec,0x4047cc
0x12c,,,RX,Y,Y,,0x8e3ec,0x4047a4
0x12d,,,RX,Y,,,0x8e3ec,0x4045a4
0x12e,,,RX,Y,,,0x8e3ec,0x4045a0
0x12f,,,RX,Y,Y,,0x8e3ec,0x4047d0
0x130,,,RX,Y,Y,,0x8e3ec,0x4047a8
0x131,,,RX,Y,Y,,0x8e3ec,0x4047d8
0x133,,,RX,Y,,,0x8e3ec,0x4046c8
0x134,,,RX,Y,,,0x8e3ec,0x404688
0x135,,,RX,Y,,,0x8e3ec,0x404680
0x136,,,RX,Y,,,0x8e3ec,0x404670
0x137,,,RX,Y,,,0x8e3ec,0x404684
0x13d,,,RX,,Y,,,
0x13f,,,RX,Y,,,0x8e3ec,0x4046bc
0x140,,,RX,Y,,,0x8e3ec,0x4046b4
0x141,,,RX,Y,,,0x8e3ec,0x4046b0
0x142,,,RX,Y,,,0x8e3ec,0x4046ac
0x143,,,RX,Y,,,0x8e3ec,0x4046a4
0x144,,,RX,Y,,,0x8e3ec,0x4046a0
0x145,,,RX,Y,,,0x8e3ec,0x40469c
0x146,,,RX,Y,,,0x8e3ec,0x404698
0x147,,,RX,Y,,,0x8e3ec,0x404694
0x148,,,RX,Y,,,0x8e3ec,0x404690
0x149,,,RX,Y,,,0x8e3ec,0x40468c
0x14a,,,RX,Y,,,0x8e3ec,0x40466c
0x14b,,,RX,Y,,,0x8e3ec,0x404668
0x14c,,,RX,Y,,,0x8e3ec,0x4046b8
0x14d,,,RX,Y,,,0x8e3ec,0x4046a8
0x14e,,,RX,Y,,,0x8e3ec,0x4046c4
0x14f,,,RX,Y,,,0x8e3ec,0x404678
0x150,,,RX,Y,,,0x8e3ec,0x40467c
0x151,,,RX,Y,,,0x8e3ec,0x404674
0x152,,,RX,Y,,,0x8e3ec,0x4046c0
0x154,,,RX,Y,,,0x8e3ec,0x404778
0x155,,,RX,Y,,,0x8e3ec,0x40476c
0x156,,,RX,Y,,,0x8e3ec,0x404764
0x157,,,RX,Y,,,0x8e3ec,0x40489c
0x158,,,RX,Y,,,0x8e3ec,0x404768
0x15d,,,RX,Y,,,0x8e3ec,0x4048a0
0x15f,,,RX,Y,,,0x8e3ec,0x404770
0x160,,,RX,Y,,,0x8e3ec,0x404790
0x161,,,RX,Y,,,0x8e3ec,0x40478c
0x162,,,RX,Y,,,0x8e3ec,0x404784
0x163,,,RX,Y,,,0x8e3ec,0x404788
0x164,,,RX,Y,,,0x8e3ec,0x404794
0x167,,,RX,,Y,,,
0x16a,,,RX,,Y,,,
0x16b,,,RX,,Y,,,
0x16c,,,RX,,Y,,,
0x178,,,RX,,Y,,,
0x17c,,,RX,Y,,,0x908d4,0x404900
0x17d,,,RX,Y,,,0x8e3ec,0x404888
0x17e,,,RX,Y,,,0x8e3ec,0x404884
0x17f,,,RX,Y,Y,,0x8e3ec,0x40483c
0x180,,,RX,Y,Y,,0x8e3ec,0x404800
0x181,,,RX,Y,Y,,0x8e3ec,0x4047fc
0x182,,,RX,Y,Y,,0x8e3ec,0x404828
0x183,,,RX,Y,Y,,0x8e3ec,0x404808
0x184,,,RX,Y,Y,,0x8e3ec,0x404804
0x185,,,RX,Y,Y,,0x8e3ec,0x40480c
0x186,,,RX,,Y,,,
0x189,,,RX,Y,,,0x9036c,0x40491c
0x18a,,,RX,Y,,,0x8e3ec,0x4045b4
0x18b,,,RX,Y,,,0x8e3ec,0x4045b0
0x18c,,,RX,Y,Y,,0x8e3ec,0x4047b0
0x18f,,,RX,Y,,,0x8e3ec,0x4045ac
0x190,,,RX,Y,,,0x8e3ec,0x4045a8
0x191,,,RX,Y,Y,,0x8e3ec,0x404824
0x192,,,RX,Y,Y,,0x8e3ec,0x4047ac
0x193,,,RX,Y,,,0x8e3ec,0x4047a0
0x194,,,RX,Y,,,0x9036c,0x404914
0x1a3,,,RX,Y,,,0x8e3ec,0x404724
0x1a4,,,RX,Y,,,0x8e3ec,0x404720
0x1a5,,,RX,Y,,,0x8e3ec,0x40471c
0x1a6,,,RX,Y,,,0x8e3ec,0x404718
0x1a8,,,RX,Y,,,0x8e3ec,0x4045f0
0x1a9,,,RX,Y,,,0x8e3ec,0x4045f4
0x1aa,,,RX,Y,,,0x8e3ec,0x4045ec
0x1ab,,,RX,Y,,,0x8e3ec,0x4045e0
0x1ac,,,RX,Y,Y,,0x8e3ec,0x4047b8
0x1ad,,,RX,Y,Y,,0x8e3ec,0x4047bc
0x1ae,,,RX,Y,Y,,0x8e3ec,0x4047c0
0x1af,,,RX,Y,Y,,0x8e3ec,0x4047c4
0x1b0,,,RX,Y,Y,,0x8e3ec,0x4047c8
0x1b4,,,RX,Y,Y,,0x8e3ec,0x4047dc
0x1b5,,,RX,Y,Y,,0x8e3ec,0x4047e0
0x1b6,,,RX,Y,Y,,0x8e3ec,0x4047e8
0x1b7,,,RX,Y,Y,,0x8e3ec,0x4047e4
0x1b8,,,RX,Y,Y,,0x8e3ec,0x4047ec
0x1bd,,,RX,Y,,,0x8e3ec,0x404774
0x1c0,,,RX,Y,,,0x8e3ec,0x40477c
0x1c4,,,RX,,Y,,,
0x1c5,,,RX,Y,,,0x8e3ec,0x40488c
0x1c6,,,RX,Y,,,0x8e3ec,0x4048a4
0x1c8,,,RX,Y,,,0x8e3ec,0x4048a8
0x1ca,,,RX,Y,,,0x8e3ec,0x4048ac
0x1cc,,,RX,Y,,,0x8e3ec,0x4048b0
0x1ce,,,RX,Y,,,0x8e3ec,0x4048b4
0x1d0,,,RX,Y,,,0x8e3ec,0x4048b8
0x1d2,,,RX,Y,,,0x8e3ec,0x4048bc
0x1d4,,,RX,Y,,,0x8e3ec,0x4048c0
0x1d6,,,RX,Y,,,0x8e3ec,0x4048c4
0x1d8,,,RX,Y,,,0x8e3ec,0x4048c8
0x1da,,,RX,Y,,0x167,0x8e3ec,0x4048cc
0x1dc,,,RX,,Y,,,
0x1dd,,,RX,Y,,0x167,0x91898,0x4048d4
0x1df,,,RX,,,0x167,,
0x1e1,CCP_MOS_CRO_01,Gateway_D4C7,RX,,Y,,,
0x1e4,,,RX,,Y,,,
0x1e7,,,RX,Y,,0x167,0x91898,0x4048e8
0x1e8,CCP_MO_DTO_01,Motor_EDC17_D4,RX,,Y,,,
0x1f3,,,RX,,Y,,,
0x1f5,,,RX,Y,,0x167,0x91898,0x4048ec
0x1f6,,,RX,,Y,,,
0x201,,,RX,,Y,,,
0x203,,,RX,Y,,0x167,0x91898,0x4048f0
0x204,,,RX,,Y,,,
0x20f,,,RX,,Y,,,
0x211,,,RX,Y,,0x167,0x908d4,0x4048f8
0x212,,,RX,,Y,,,
0x21d,,,RX,,Y,,,
0x21f,,,RX,,Y,0x167,,
0x220,,,RX,Y,,0x168,0x8e3ec,0x40457c
0x221,,,RX,Y,,,0x8e3ec,0x404578
0x222,,,RX,Y,,,0x8e3ec,0x404570
0x223,,,RX,Y,,,0x8e3ec,0x404574
0x224,,,RX,Y,,,0x8e3ec,0x404780
0x225,,,RX,Y,,,0x8e3ec,0x40458c
0x226,,,RX,Y,,,0x9036c,0x40490c
0x227,,,RX,Y,,,0x8e3ec,0x4045e8
0x228,,,RX,Y,,,0x8e3ec,0x4045e4
0x229,,,RX,Y,Y,0x168,0x8e3ec,0x404810
0x22a,,,RX,Y,Y,,0x8e3ec,0x404814
0x22b,,,RX,Y,Y,,0x8e3ec,0x40481c
0x22c,,,RX,Y,Y,,0x8e3ec,0x404818
0x22d,,,RX,Y,Y,,0x8e3ec,0x404820
0x233,,,RX,Y,,,0x8e3ec,0x404558
0x234,,,RX,Y,,,0x8e3ec,0x40455c
0x235,,,RX,Y,,0x168,0x8e3ec,0x404708
0x236,,,RX,Y,,,0x8e3ec,0x404700
0x237,,,RX,Y,,,0x8e3ec,0x4046f8
0x238,,,RX,Y,,,0x8e3ec,0x4046fc
0x239,,,RX,Y,,,0x8e3ec,0x4046f4
0x23a,,,RX,Y,,,0x8e3ec,0x4046e0
0x23b,,,RX,Y,,,0x8e3ec,0x4046d8
0x23c,,,RX,Y,,,0x8e3ec,0x4046dc
0x23d,,,RX,Y,,,0x8e3ec,0x404748
0x23e,,,RX,Y,,,0x8e3ec,0x404740
0x23f,,,RX,Y,,,0x8e3ec,0x404738
0x240,,,RX,Y,,,0x8e3ec,0x40473c
0x241,,,RX,,Y,,,
0x242,,,RX,Y,,,0x8e3ec,0x404734
0x243,,,RX,Y,,,0x8e3ec,0x404728
0x244,,,RX,Y,,,0x8e3ec,0x404744
0x245,,,RX,Y,,,0x8e3ec,0x404704
0x246,,,RX,Y,,,0x8e3ec,0x4046f0
0x247,,,RX,Y,,,0x8e3ec,0x4046ec
0x248,,,RX,Y,,,0x8e3ec,0x4046e8
0x249,,,RX,Y,,,0x8e3ec,0x4046e4
0x24a,,,RX,Y,,,0x8e3ec,0x40472c
0x24b,,,RX,,,0x168,,
0x251,,,RX,,,0x168,,
0x252,,,RX,,,0x168,,
0x253,,,RX,,Y,0x168,,
0x254,,,RX,Y,Y,0x168,0x8e3ec,0x404844
0x255,,,RX,Y,Y,,0x8e3ec,0x404848
0x256,,,RX,Y,Y,,0x8e3ec,0x404850
0x257,,,RX,Y,Y,,0x8e3ec,0x40484c
0x258,,,RX,Y,Y,,0x8e3ec,0x404854
0x264,,,RX,Y,,,0x8e3ec,0x404834
0x265,,,RX,Y,,,0x8e3ec,0x404830
0x267,,,RX,,,0x168,,
0x708,,,RX,,,0x90a,,
