desc_addr,can_id,dbc_dir,dlc,msg_index,handler_addr,dbc_message,fw_verified_tx
0x04248c,0x082,TX,8,0x01,0x000000,Getriebe_01,yes
0x0424a0,0x083,TX,8,0x02,0x000000,Getriebe_02,yes
0x0424b4,0x102,TX,8,0x03,0x000000,Getriebe_03,no
0x0424c8,0x441,TX,8,0x04,0x000000,Getriebe_04,no
0x0424dc,0x390,TX,4,0x05,0x000000,WBA_01,yes
0x0424f0,0x393,?,8,0x06,0x000000,?,yes
0x042504,0x10d,RX,8,0x07,0x000000,ACC_05,no
0x042518,0x520,RX,8,0x08,0x000000,Airbag_02,no
0x04252c,0x661,RX,3,0x09,0x000000,Anhaenger_01,no
0x042540,0x385,RX,8,0x0a,0x000000,Charisma_01,no
0x042554,0x6b2,RX,8,0x0b,0x000000,Diagnose_01,no
0x042568,0x104,RX,8,0x0c,0x000000,EPB_01,no
0x04257c,0x100,RX,8,0x0d,0x000000,ESP_01,no
0x042590,0x101,RX,8,0x0e,0x000000,ESP_02,no
0x0425a4,0x103,RX,8,0x0f,0x000000,ESP_03,no
0x0425b8,0x106,RX,8,0x10,0x000000,ESP_05,no
0x0425cc,0x39c,RX,8,0x11,0x000000,Gateway_05,no
0x0425e0,0x3c0,RX,4,0x12,0x000000,Klemmen_Status_01,no
0x0425f4,0x3bf,RX,8,0x13,0x000000,Klima_01,no
0x042608,0x30b,RX,8,0x14,0x000000,Kombi_01,no
0x04261c,0x6b7,RX,8,0x15,0x000000,Kombi_02,no
0x042630,0x6b8,RX,8,0x16,0x000000,Kombi_03,no
0x042644,0x10b,RX,4,0x17,0x000000,LS_01,no
0x042658,0x086,RX,8,0x18,0x000000,LWI_01,no
0x04266c,0x080,RX,8,0x19,0x000000,Motor_01,no
0x042680,0x081,RX,8,0x1a,0x000000,Motor_02,no
0x042694,0x105,RX,8,0x1b,0x000000,Motor_03,no
0x0426a8,0x30e,RX,8,0x1c,0x000000,Motor_05,no
0x0426bc,0x640,RX,8,0x1d,0x000000,Motor_07,no
0x0426d0,0x114,RX,8,0x1e,0x000000,Motor_10,no
0x0426e4,0x670,RX,8,0x1f,0x000000,Motor_18,no
0x0426f8,0x641,RX,8,0x20,0x000000,Motor_Code_01,no
0x04270c,0x391,RX,8,0x21,0x000000,OBD_01,no
0x042720,0x585,RX,8,0x22,0x000000,Systeminfo_01,no
0x042734,0x10a,RX,8,0x23,0x000000,TSK_01,no
0x042748,0x10c,RX,8,0x24,0x000000,TSK_02,no
0x04275c,0x10e,RX,8,0x25,0x000000,TSK_04,no
0x042770,0x111,RX,8,0x26,0x000000,TSK_05,no
0x042784,0x082,TX,8,0x27,0x074314,Getriebe_01,yes
0x042798,0x083,TX,8,0x28,0x07431c,Getriebe_02,yes
0x0427ac,0x390,TX,4,0x29,0x074324,WBA_01,yes
0x0427c0,0x393,?,8,0x2a,0x07432c,?,yes
0x0427d4,0x088,?,8,0x2b,0x0743d0,?,yes
0x0427e8,0x089,?,8,0x2c,0x000000,?,no
