address,name,type,comment,source
0x8002523c,com_ipdu_process_step,FUNCTION,Com IPDU state-machine step (PTR_FUN_80020134 target); dispatches per-PDU pack/route via runtime context,verified
0x80040000,SW_ID_BLOCK,LABEL,software-ID block: 8R0907551F / S8500L2000000 / CTUC,verified
0x800435e2,cal_acc05_creep_to_moving_thd,DATA,"ACC_05-path creep->moving speed threshold (u16=1004=7.84 km/h at 1/128), 80141528:174-178. The ACC_05/Momentenanf equivalent of the 8013ef46 creep cal 0x800439f8 (same value) but FULLY CALIBRATABLE (no hardcoded 1000 literal). Feeds status a5ae (TSK packers), not a hard disengage. See RESULTS UPDATE 66 Q3-followup.",re-trace
0x800435e6,cal_acc05_moving_to_creep_thd,DATA,"ACC_05-path moving->creep speed threshold (u16=973=7.60 km/h at 1/128), 80141528:176. Hysteresis partner of 0x800435e2. ACC_05 equivalent of 8013ef46 cal 0x800439fa. See RESULTS UPDATE 66 Q3-followup.",re-trace
0x80043650,cal_cruise_torque_rate_falling,DATA,"Cruise/ACC engine-torque FALLING rate limit (clutch-open / torque release), 80141904 slope limiter. s16=20 (~40 Nm/s if res 2). Cand C_TQ_GRD_CLU_OPEN (MEDIUM conf). See UPDATE 62.",re-trace
0x80043652,cal_cruise_torque_rate_rising,DATA,"Cruise/ACC engine-torque RISING rate limit (clutch-close / brake->drive re-engagement smoothness), in 80141904 asymmetric slope limiter on Ramd0007d06. s16=10 (~20 Nm/s if res 2). Lower=smoother/slower torque pickup. NOT indexed by ACC_Dynamik (fixed). Cand C_TQ_GRD_NORM_CLU_CLOSE (MEDIUM conf). See UPDATE 62.",re-trace
0x800439f8,cal_creep_to_moving_thd,DATA,"Creep->moving speed threshold (u16=1004=7.84 km/h at 1/128), 8013ef46:755 sets uRamc0001118 bit0x40. Hysteresis partner of 0x800439fa (973=7.60). Lower toward 0 for sub-15 standstill (keep f8>fa). NOTE a hardcoded literal 1000 at 8013ef46:258 also enforces ~7.81 km/h (firmware patch). See RESULTS UPDATE 66.",re-trace
0x800439fa,cal_moving_to_creep_thd,DATA,"Moving->creep speed threshold (u16=973=7.60 km/h at 1/128), 8013ef46:808 clears uRamc0001118 bit0x80. Hysteresis partner of 0x800439f8 (1004). See RESULTS UPDATE 66.",re-trace
0x80043bc6,cal_acc_frame_select,DATA,"CAL word selecting which ACC RX frame(s) the engine decodes (no runtime writer). &0x100=ACC_01/DCC_1(0x109) via 801383e8; &(0x200|0x400|0x1000)=ACC_05/DCC_5(0x10D) via 801383fc. This image=0x0900 => ACC_01 active (Q5), ACC_05 disabled (Macan would set the ACC_05 bits). Reflash to change, NOT VCDS. See RESULTS UPDATE 66.",re-trace
0x80043caf,cal_acc_mode_tsk_packer_select,DATA,"CAL byte (=0x06). bit0 => a5a8 (801abf64): 0=ACC_01+TSK_02(80137a00,has Anhalten)+hold-relay; 1=ACC_05 Momentenanf drive-off+TSK_05(80137f2c). bit2 selects mass source. Q5=0x06 (bit0=0). See RESULTS UPDATE 64/66.",re-trace
0x8004449e,rev_limiter_curve_bank_4449e,DATA,Calibration object (58x u16); changed by tune (S1&S2). Added from OLS tuner-diff; see maps/simos85.a2l for scaling/role.,re-trace
0x80048dde,charge_torque_ref_curve_48dde,DATA,Calibration object (11x u16); changed by tune (S1&S2). Added from OLS tuner-diff; see maps/simos85.a2l for scaling/role.,re-trace
0x80048e2c,torque_bank_axis_48e2c,DATA,Calibration object (12x u16); changed by tune (S1&S2). Added from OLS tuner-diff; see maps/simos85.a2l for scaling/role.,re-trace
0x80049114,torque_model_ceiling_49114,DATA,Calibration object (84x u16); changed by tune (S1=S2). Added from OLS tuner-diff; see maps/simos85.a2l for scaling/role.,re-trace
0x8004925c,rpm_fill_curve_4925c,DATA,Calibration object (12x u16); changed by tune (S1=S2). Added from OLS tuner-diff; see maps/simos85.a2l for scaling/role.,re-trace
0x8005b71c,cal_acc_decel_limit_kennfeld_m3p0,DATA,"ACC brake decel-limit Kennfeld region: 11 consecutive u16 = 0x7237 = -3.000 m/s2 (850e-6 offset-binary, phys=(raw-0x8000)*850e-6). THE -3.0 brake-decel clamp (openpilot lever). Raise = set more negative (0x6db1=-3.984 floor). File offset 0x5b71c. Recompute cal checksum. +5 scattered cells 0x597f2/59836/598a2/598b2/5a546. See RESULTS UPDATE 57.",re-trace
0x800793a0,cal_acc_l2monitor_struct,DATA,"ACC/cruise L2-monitor + diagnosis cal struct (base ptr *0x80090f80, used by 80102f60). Speed floors (u8 km/h, compared da54<=cal*0x80, da54=1/128 km/h): +0x14f=15 & +0x152=15 = C_VS_MIN_CRU_MON (15km/h, flash 0x800794ef/0x800794f2); +0x196=384=3.0km/h creep gate. +0x16e=0x1fff diag enable, +0x178=0 fatal mask, +0x121=0xBF engage-inhibit mask. See acc_flow.md / UPDATE 58.",re-trace
0x800808ec,CRC16_ARC_TABLE,LABEL,"256-entry CRC16/ARC table, refl 0xA001",verified
0x80080aec,CRC8_AUTOSAR_TABLE,LABEL,"256-entry CRC-8/AUTOSAR table, poly 0x2F",verified
0x8009083c,CRC32_TABLE,LABEL,"256-entry zlib CRC32 table, poly 0xEDB88320 (reflected)",verified
0x8009ffd0,egas_l2_monitor_refresh,FUNCTION,"EGAS L2 monitor refresh; VS_MON=clamp_pos(max(d7922,d7918)) -> _DAT_c0000612 / DAT_d7726",verified
0x800a0c9c,egas_l2_monitor_cal_init,FUNCTION,EGAS L2 monitor shadow-RAM init; loads C_VS_MIN_CRU_MON @0x456bd/0x456c0 with ^0xff ASIL verify,verified
0x800a2c54,cal_table_indexer_2d,FUNCTION,2-D cal-table indexer base+row*width+col; NOT a memory read (obd_read_feasibility.md 6c),re-trace
0x800a4bbc,max_u16_MISNAMED_min,FUNCTION,"Returns the MAX of two u16 (body p1*(p2<p1)+p2*(p2>=p1)) despite the Ghidra auto-name 'min_u16_800a4bbc'. Used at 8013c5d4:418 as Ramd0007c9a=max(request,0x7237) = the -3.0 decel TRUNCATION (offset-binary, larger raw=less braking). DISTINCT from plain min_u16 (0x800a4c..) which is a genuine min. See acc_flow.md / UPDATE 59.",re-trace
0x800a59f0,crc16_arc_table_fn,FUNCTION,"CRC16 ARC-family, init 0xABCD (table 0x800808ec); used on UDS download buffers",verified
0x800a5a18,checksum8_autosar_fn,FUNCTION,CRC-8/AUTOSAR poly 0x2F (table 0x80080aec); zero callers in this image,verified
0x800a5f40,kl_interp_u16,FUNCTION,"1D curve (Kennlinie) linear interpolation, u16",verified
0x800a5fc0,kf_interp_u16,FUNCTION,"2D map (Kennfeld) bilinear interpolation, u16",verified
0x800a7c48,canmo_105_Motor_03,FUNCTION,"CAN message-object handler for Motor_03 (0x105, TX); dispatch @0x80082f18 -> descriptor -> this handler (sender Motor_EDC17_D4)",verified
0x800a8ff0,map_descriptor_accessor,FUNCTION,"central map accessor; 16-byte descriptors, id*0x10 -> data pointer",verified
0x800aa018,indirect_step_trampoline,FUNCTION,"generic {op_fn,arg} step dispatcher; walks the flash-op descriptor lists (uds_dispatch.md)",re-trace
0x800aa922,gpta_channel_service_dispatch,FUNCTION,GPTA/PCP timer-channel dispatcher (DAT_d0000580=GPTA cfg via 801cd388); NOT UDS (obd_read_feasibility.md 6c),re-trace
0x800af8bc,com_process_ipdu,FUNCTION,Generic Com IPDU processor: indexes config root (DAT_d0000cd0=0x800906fc) by handle -> mailbox + PDU/signal descriptors; RX decode / TX assemble,verified
0x800b3e6e,gpta_timing_dispatch_2level,FUNCTION,GPTA/injection-timing 2-level table dispatch via DAT_d00005c8/0x8008eab0; NOT UDS (uds_dispatch.md),re-trace
0x800b3f40,gpta_channel_update,FUNCTION,writes GPTA0_GTCCTR/GTCXR timer regs; NOT UDS,re-trace
0x800c553c,ac_min_cru_plausibility_monitor,FUNCTION,"AC_DCRU_PLAUS/AC_MIN_CRU L2 monitor: faults when integrated accel setpoint c0001732 exits [cal 0x80043514=-3.0, cal 0x80043512=+2.0] m/s2 (0.001 scale); FR ch.70.6. FUNCTIONALLY ISOLATED (UPDATE 56): input c0001732 + all fault outputs (154b-f,1550,1551) read by NOTHING except this fn + resets 80172658/801b498c (FindRefsTo-verified); no callers (RAM-dispatched); reports to DTC framework only. Does NOT drive delivered decel / ACC deactivation / TSK status-3. Raising 0x80043514 = DTC threshold only.",fr-trace
0x80102f60,acc_status_error_aggregator,FUNCTION,"ACC diag coordinator: runs 13 cruise diagnoses via acc_diag_debounce_evaluator (desc d000d714-d740). 12 feeders are RELAYED 2-bit CAN/Com symptoms; only bit1(d62b<-80170fc0) is engine-computed (AC_DE_ORNG_ENG_CRU). bits10/11 stubbed(=0). Builds d000d8e0=error word((symptom==3)<<bit), d8d0(==1),d8da(==2). DEACTIVATION path d8e0 & cal(0x800793a0+0x178) is DEAD (fatal mask=0x0000; d746/d894 never latch). But STATUS path is LIVE: d744=debounce(d8e0!=0)(:719) -> d8e2 bit2=0(:792) -> 801eca44 maps to TSK status 3; d744->d8b4 latch gates recompute(:710,:722)=key-cycle latch. enable mask +0x16e=0x1fff. See RESULTS UPDATE 55.",fr-trace
0x80106db8,canrx_ESP_05_106,FUNCTION,"RX decoder for ESP_05 (CAN id 0x106), MLB E2E seed 0x07 (=(0x01^0x06)) — the ESP->engine FEEDBACK frame (NOT an ACC command). Writes esp05_ESP_Bremsdruck(d0007c3e=(raw-100)*3 from 16|10) + the esp05_* status cluster (Verz_TSK_aktiv, Konsistenz_TSK, Autohold_Standby/_aktiv, StartStopp_Info, BKV_Unterdruck, Status_Bremsdruck a4f1, ...). Closes the engine<->ESP brake loop (TSK_02 out / ESP_05 in). Dispatched from 80108cc4 handle 0x600, gated by coding d000a753. ~20 exact bit-matches vs opendbc ESP_05 + FR TCS5. See RESULTS UPDATE 65.",re-trace
0x80106ed8,can_tx_scheduler,FUNCTION,"CAN TX scheduler: per-slot dispatch that packs+transmits engine TX frames. TSK_02 (0x10C) at :739-753: when DAT_80043caf&1==0 (image=0x06) and Ramd0006988&0x8000, calls tsk_pack_verzoeg_anf_active(80137a00,&d00010f4) then writes HW mailbox handle 0x680. Alt packer 80137f2c (handle 0x8c0) is the caf&1==1 TSK_05 variant, not used here. See RESULTS UPDATE 64.",re-trace
0x80108cc4,canrx_poll_dispatch_acc_esp,FUNCTION,"RX poll+dispatch loop: reads message objects by HAL handle (FUN_800b15b8/800b15d6 vtable read) and dispatches ACC/ESP decoders. handle 0x240->canrx_ACC_01_DCC1_109, 0x8a0->canrx_ACC_05_DCC5_10D, 0x600->canrx_ESP_05_106. Handles are internal COM/mailbox handles, NOT CAN ids (id back-solved via E2E seed=(hi^lo)). Gated by coding DAT_80043bc6 + message-present DAT_d0006980. See RESULTS UPDATE 64/65.",re-trace
0x8010a4fc,acc_driveoff_hold_diagnostics,FUNCTION,"Diagnostics for the ACC_05 drive-off/hold path: debounces a3b9(Freigabe_Momentenanf)/b057(Status)/a54d(hold-confirmed) into diag events 0xd1/0xd2/0xd3 (update_control_flags_800a8b20). Monitoring only, no control output. See RESULTS UPDATE 66.",re-trace
0x8010a6ec,acc_epb_standstill_hold_statemachine,FUNCTION,"ACC_05/EPB stop-and-go standstill-HOLD state machine (gated a757 && ad0f && a5a8 && !a54c; DEAD on Q5 a5a8=0). Hold timer d0001325->uRamc0001062->a54d(hold-confirmed >= cal 80043828[5]); a54b(drive-off inhibit); a54c(EPB fault-inhibit, 16 conds masked by cal 80043ccc[0x14]). Uses b057==3(AKTIV) + a3ba(Betaetigung_EPB). This IS the in-binary 'hold control' (contra 'not implemented'); but engine does NOT originate hold on bus (no ACC_05 TX; TSK_Anhalten relay off when a5a8!=0) - EPB is radar-direct. See RESULTS UPDATE 66.",re-trace
0x80116e08,cruise_state_machine,FUNCTION,"cruise/ACC state machine; config DAT_800443e1, states DAT_d000a910-a929",verified
0x8011e8f8,canmo_109_ACC_01,FUNCTION,"CAN message-object handler for ACC_01 (0x109, RX); dispatch @0x80082f18 -> descriptor -> this handler (sender Gateway_B8)",verified
0x8011e94a,canmo_107_Motor_04,FUNCTION,"CAN message-object handler for Motor_04 (0x107, TX); dispatch @0x80082f18 -> descriptor -> this handler (sender Motor_EDC17_D4)",verified
0x8011e98c,canmo_108_id108,FUNCTION,"CAN message-object handler for UNKNOWN (0x108, ?); dispatch @0x80082f18 -> descriptor -> this handler (sender ?)",verified
0x8011e9ce,canmo_10e_TSK_04,FUNCTION,TSK_04 (0x10e TX) packer: copies node(*d000d404)+8..+0xf to CAN. TSK_Status_GRA_ACC_02 = bits6-7 of byte *(d000d404)+0xf (LCAN_DT_MNG4_8_67); 3=Fehler_GRA_ACC_nicht_moeglich. Set 3 when LV_DCC_OFF_DC_EMS or LV_ERR_VAR_COD_CRU_PLAUS (FR p9049).,fr-trace
0x8011ef88,uds_svc_10_DiagnosticSessionControl,FUNCTION,UDS SID 0x10 handler (SID table 0x80085e58),re-trace
0x8011efcc,uds_svc_37_RequestTransferExit,FUNCTION,UDS SID 0x37 handler (SID table),re-trace
0x80122580,uds_svc_11_ECUReset,FUNCTION,UDS SID 0x11 handler (SID table),re-trace
0x8012272c,uds_sa27_subfn_a,FUNCTION,$27 SecurityAccess subfn (aux 0x80085e38); sets DAT_d000ad76=0,re-trace
0x80122758,uds_sa27_unlock_by_conditions,FUNCTION,$27 unlock: sets DAT_d000ad76=1 on vehicle-state + cal enables DAT_80043f7d/e40/e88; NOT a seed/key (uds_dispatch.md),re-trace
0x801227ec,uds_svc_19_ReadDTCInformation,FUNCTION,UDS SID 0x19 handler (SID table),re-trace
0x801229b4,uds_svc_22_DataByIdentifier,FUNCTION,UDS SID-table handler for 0x22; dispatches a DID whitelist (uds_dispatch.md),re-trace
0x80123074,uds_sa27_routine_sm,FUNCTION,$27 routine state machine (IDs 0x203/0x210/0x311...); NRC 0x13,re-trace
0x80123660,uds_sa27_routine_stop,FUNCTION,$27 routine stop/reset counterpart,re-trace
0x80123828,uds_sa27_stub_nrc31,FUNCTION,$27 subfn stub: always NRC 0x31,re-trace
0x801238c8,uds_conditions_check_shared,FUNCTION,conditions check shared by $27 and $2e aux tables,re-trace
0x80123a28,uds_svc_28_CommunicationControl,FUNCTION,UDS SID 0x28 handler (SID table),re-trace
0x80123ef8,com_pdu_tx_trigger,FUNCTION,Shared Com PDU TX trigger (config-root pdu[+0x10] handler); invokes the generic packer with the PDU context,verified
0x80123f10,pdu_assemble_TSK_02_0x10c,FUNCTION,PDU assemble handler for TSK_02 (0x10c) from Com config root 0x800906fc pdu[3] (+0x18); calls generic Com engine,verified
0x80123f2c,pdu_assemble_id112,FUNCTION,"PDU assemble handler for CAN 0x112 (Com config-root 0x800906fc pdu[2], via dispatch wrapper 801d2950->FUN_800af8bc(2))",verified
0x80123f80,com_rx_signal_router,FUNCTION,Com RX signal router: walks the runtime PDU context (_DAT_c03fc37c) to extract/route received signals (was process_sensor_data),verified
0x80136794,dcc_state_builder_dt_mng5,FUNCTION,"DT_MNG_5 (TSK_05/0x111) status builder, twin of 801e3f26: writes STATE_DCC=UNK_d000d9c7 (=3 @:757,=4 @:706) + ACC permission block d9b0/d9b2/d9bc/d9ce. FR ch.48.7.19.",fr-trace
0x80137a00,tsk_pack_verzoeg_anf_active,FUNCTION,"ACTIVE TSK_02 (DT_MNG_2, 0x10c) packer (TX scheduler 80106ed8:747, DAT_80043caf&1=0). byte8(param_1[7])=TSK_Verzoeg_Anf from Ramd0007cb8 (=AC_SP_CRU_BRAKE_CTL, 850e-6 offbin), hard-clamp [0x6db1=-3.984,0x89b6=+2.112], 0.024 byte (0xA6=0). byte7.7=Freig_Verzoeg_Anf(enable,a58c), byte2.4=TSK_Anhalten(standstill,a58d), byte3.1-0=Status_GRA_ACC_01(b28d). checksum ^0x0d. See acc_flow.md / UPDATE 58.",re-trace
0x80137f2c,tsk_pack_verzoeg_anf_altcoding,FUNCTION,"TSK_02(0x10c) decel packer ALT coding (checksum ^0x10, full layout) — NOT transmitted on this ECU (DAT_80043caf&1=0 selects 80137a00; also gated off by DAT_80043bc6=0x0900). Same source Ramd0007cb8 + same clamp [0x6db1=-3.984,0x89b6=+2.112] as the active 80137a00. See RESULTS UPDATE 58.",re-trace
0x801383e8,canrx_ACC_01_DCC1_109,FUNCTION,"RX decoder for DCC_1 / ACC_01 (CAN id 0x109), MLB E2E seed 0x08 (=(0x01^0x09); validates XOR-all-8==8 + rolling counter byte1 low-nibble). On E2E-OK writes acc01_ACC_Sollbeschleunigung(d0007bac=(b4&7)<<8|b3), acc01_ACC_Anhalten(a7ae=(b7>>1)&1), acc01_ACC_Dynamik(b06a=(b7>>2)&3). Dispatched from canrx_poll_dispatch_acc_esp(80108cc4) handle 0x240. Triple-confirmed vs FR LCAN_DCC1 + opendbc ACC_01. See RESULTS UPDATE 62/64/65.",re-trace
0x801383fc,canrx_ACC_05_DCC5_10D,FUNCTION,"RX decoder for DCC_5 / ACC_05 (CAN id 0x10D), MLB E2E seed 0x0C (=(0x01^0x0D)). Writes acc05_ACC_Momentenanforderung(d0007baa=min(b0d4*raw*16,0x7fff) from 16|10 torque req), acc05_ACC_Freigabe_Momentenanf(a3b9=bit12), acc05_ACC_limitierte_Anfahrdyn(a3bd=bit15), acc05_ACC_StartStopp_Info(b056=44|2), acc05_ACC_Betaetigung_EPB(a3ba=bit60), ACC_Status_ACC(b057=57|3). Dispatched from 80108cc4 handle 0x8a0. Gateway_D4C7 msg, likely dormant on B8. 6 exact bit-matches vs opendbc ACC_05 + FR DCC_5. See RESULTS UPDATE 65.",re-trace
0x8013c5d4,acc_brake_request_formation,FUNCTION,ACC brake decel-request formation (CRUC_MG005): processes CAN 0x8a0 accel d0007baa via Kennfeld/Kennlinie lookups (line 249 lookup_kennfeld 0xa005b5e8/0xa0059890/0xa005abc0) + min/clamp cal chain -> writes Ramd0007c9a (line 419). The -3.0 decel limit lives in these decel-limit Kennfelds (0x7237 cells). See RESULTS UPDATE 57.,re-trace
0x8013e47c,acc_dynamik_torque_switch_INERT,FUNCTION,CRUC_MG005: 4-way switch on ACC_Dynamik (d000b06a) selecting a torque-rate-scale cal for the cruise torque request Ramd0007caa. INERT: all 4 selectable cals = 500 (0x80043a96/aa2/aa4) so ACC_Dynamik has ZERO effect on this calibration. FR NORM/FAST/SLOW/TOUT gradients folded out (not live). See RESULTS UPDATE 62.,re-trace
0x8013ef46,acc_brake_setpoint_statemachine,FUNCTION,"CRUC_MG005 brake-setpoint state machine: Ramd0007c9a/cae -> Ramd0007cb8 (=AC_SP_CRU_BRAKE_CTL, feeds TSK_Verzoeg_Anf packer 80137f2c). Applies decel-limit kennlinie lookups (line 957-960: 0xa005a26c/0xa005a238). See RESULTS UPDATE 57.",re-trace
0x80141528,acc_driveoff_torque_momentenanf,FUNCTION,"ACC engine-torque request formation. On Q5 (a5a8=0) takes passthrough d0007ce0=Ramd0007ccc. ACC_05 stop-and-go DRIVE-OFF branch (:58-136, gated a757!=0 && a5a8!=0): fires when b057(ACC_Status_ACC) in {3,4} && a3b9(Freigabe_Momentenanf) && a54b==0(not inhibited) && b055==1(valid) && d0007baa>=cal 80043a5c[0x56]; maps d0007baa(Momentenanforderung)->d0007ce0 via kennlinie 0xa005d608 w/ rate-limit+hysteresis. Outputs Ramd0006998 (a5ac-gated) + b2a0. Present but cal-gated OFF on Q5. See RESULTS UPDATE 66.",re-trace
0x801695f0,acc_diag_symptom_can_unpack,FUNCTION,"De-serializes an 8-byte ACC/SMLS Com frame (msg-bus handle 0x1c0) into the ACC flag block d000b0f8.. gated by coding DAT_80043bc6; extracts relayed 2-bit diag symptoms b100=byte3[1:0](bit8), b102=byte3[3:2](bit9), b101=byte3[5:4](bit7 via 801a8680). aa59/aa5b/aa5e = Com substitute-active flags, not limits.",fr-trace
0x80170fc0,ac_de_orng_eng_cru_symptom_builder,FUNCTION,"ACC diag bit1 (the 'special' no-debounce): folds engine derate/fault flags (d000a726-a72a etc via d0001650/1/2) into 0-3 severity, writes UNK_d000b32e (=3 if d1650, 2 if d1651, 1 if d1652). ENGINE-INTERNAL -> FR AC_DE_ORNG_ENG_CRU ('cruise accel deviation out of range due to defective engine'). Only firmly-named of the 13.",fr-trace
0x801ab824,reset_acc_epb_hold_state,FUNCTION,"Failsafe/init reset of the ACC_05/EPB hold-state block: a54b=0, a54c=0, a54d=0 (analogous to 801a6134 for the DCC block). Not a control consumer. See RESULTS UPDATE 66.",re-trace
0x801abf64,init_acc_mode_a5a8_from_caf,FUNCTION,Sets the ACC mode select a5a8 = DAT_80043caf & 1 (:21) — the sole writer. Selects ACC_01/TSK_02/hold-relay (0) vs ACC_05-Momentenanf/TSK_05 (1). See RESULTS UPDATE 66.,re-trace
0x801b5900,coding_decode_cruise_type,FUNCTION,"Long-coding unpacker: decodes cell 27 (STATE_DCC_TYP, cruise type) into d000a756/a757/a758. type1=GRA(a756), type2=BasicACC(a757=1), type3=F2S(a757=1 & a758=1). d000a757=LV_DCC_ENA gates the min-accel curve in 8013c5d4:211 (0=GRA 0x5b71c, 1=ACC 0x5b728). d000a758 (F2S bit) is DEAD (write-only, 0 readers) => F2S not implemented. See RESULTS UPDATE 60.",re-trace
0x801d1ebe,uds_validate_xfer_block,FUNCTION,"validates 0x1e00-byte transfer blocks: word[0]==~word[0x1dfc] && crc16(data+4,len,0xABCD)==word[0x1dfa]",verified
0x801d2002,uds_crc16_caller_c,FUNCTION,CRC16(0xABCD) over streamed UDS transfer buffer,verified
0x801d22a0,uds_crc16_caller_a,FUNCTION,CRC16(0xABCD) over a streamed UDS RequestDownload/TransferData buffer,verified
0x801d283c,uds_crc16_caller_d,FUNCTION,CRC16(0xABCD) over streamed UDS transfer buffer,verified
0x801d2950,canmo_112_id112,FUNCTION,"CAN message-object handler for UNKNOWN (0x112, ?); dispatch @0x80082f18 -> descriptor -> this handler (sender ?)",verified
0x801d2956,canmo_10c_TSK_02,FUNCTION,"CAN message-object handler for TSK_02 (0x10c, TX); dispatch @0x80082f18 -> descriptor -> this handler (sender Motor_MLB_AU48_AU416_Diesel)",verified
0x801d295c,canmo_10f_id10f,FUNCTION,"CAN message-object handler for UNKNOWN (0x10f, ?); dispatch @0x80082f18 -> descriptor -> this handler (sender ?)",verified
0x801d2962,canmo_10b_LS_01,FUNCTION,"CAN message-object handler for LS_01 (0x10b, RX); dispatch @0x80082f18 -> descriptor -> this handler (sender Gateway_D4C7)",verified
0x801d2968,canmo_10a_TSK_01,FUNCTION,"CAN message-object handler for TSK_01 (0x10a, TX); dispatch @0x80082f18 -> descriptor -> this handler (sender Motor_MLB_AU48_AU416_Diesel)",verified
0x801d296e,canmo_10d_ACC_05,FUNCTION,"CAN message-object handler for ACC_05 (0x10d, RX); dispatch @0x80082f18 -> descriptor -> this handler (sender Gateway_D4C7)",verified
0x801d2974,canmo_115_id115,FUNCTION,"CAN message-object handler for UNKNOWN (0x115, ?); dispatch @0x80082f18 -> descriptor -> this handler (sender ?)",verified
0x801d8590,gpta_timing_table_init,FUNCTION,builds GPTA timing RAM table from descriptor 0x8008eab0; sets DAT_d00005c8; NOT UDS diag,re-trace
0x801d977c,map_dispatch,FUNCTION,dispatch into map_descriptor_accessor,verified
0x801dc544,crc32_reflected,FUNCTION,standard zlib CRC32; init=FFFFFFFF reflected xorout=FFFFFFFF (table 0x8009083c),verified
0x801dce30,crc32_integrity_check_8b,FUNCTION,sole caller of crc32_reflected; 8-byte runtime integrity check over a RAM comm word,verified
0x801df1e4,acc_status_publish_to_can_mirror,FUNCTION,"Publishes ACC status block d000d9xx/d91x to CAN-export mirror d000afxx: afef=d91d(GRA/ACC status), afee=d91a, aff0=d8e8, aff1=d91b, a365=d918, a362=d917. Feeds the TSK Com signal getters.",fr-trace
0x801e3d78,acc_diag_debounce_evaluator,FUNCTION,"ACC diagnosis symptom debounce/latch: descriptor[0]=last cond, [1]=confirmed symptom, [2]=counter; confirms symptom after `timing` stable counts (FR ACTION_ERRM pattern). Called 13x by acc_status_error_aggregator.",fr-trace
0x801e3f26,dcc_state_builder_dt_mng4,FUNCTION,"DT_MNG_4 (TSK_04/0x10e) status/limiter builder: writes STATE_DCC=UNK_d000d9c7 (0..8; =3 active @:756, =4 override @:705), ACC status/permission block d9b0/d9b2, sig buffer d0005b40 (cal base *0x80090f84=0x8007976c). Twin of 80136794 (DT_MNG_5/TSK_05/0x111). STATE_DCC feeds TSK_Status_GRA_ACC_02.",fr-trace
0x801e9b86,cruise_torque_pi_controller,FUNCTION,functional cruise/ACC torque-setpoint PI controller; C_VS_MIN_CRU gate DAT_d000d644 < *(u16)(DAT_80090f94+0x66); out DAT_d000e2e8,verified
0x801eca44,acc_status_hmi_state_mapper,FUNCTION,"Maps ACC master state d000d8ee (∈{0,1,2}) -> 2-bit TSK_Status_GRA_ACC (d000d91c/d91d): 0=off,1=active(d8ee<2),2=override(d8ee==2 & d8e2 bit2),3=Fehler_nicht_moeglich(d8ee==2 & !d8e2 bit2). d91d -> (801df1e4) d000afef -> TSK CAN frames. THE status-3 producer (CRU/AC-based branch, CLF_CAN_CONF_FCT.Bit0=0). See RESULTS UPDATE 55.",fr-trace
0xd0007baa,acc05_ACC_Momentenanforderung,DATA,"ACC_Momentenanforderung (TORQUE/moment request, unitless 0-1021) from ACC_05/DCC_5 (0x10D) 16|10, decoded 801383fc:105 as min(b0d4*raw*16,0x7fff). NOT an acceleration (older maps mislabeled it 'the accel'). Read by 8013c5d4:734. Likely dormant on B8 (ACC_05 is Gateway_D4C7). See RESULTS UPDATE 65.",re-trace
0xd0007bac,acc01_ACC_Sollbeschleunigung,DATA,"ACC_Sollbeschleunigung setpoint from DCC_1/ACC_01 (0x109) 24|11 (=(byte4&7)<<8|byte3), decoded 801383e8:90. Res 0.005 m/s2 offset -7.22 (=CAN_AC_DE_DCC_UP). Read by 8013c5d4:517/525 (threshold flags a580/a581). Reset default 0x5a4. On the B8 this (not d0007baa) is the received accel command. See RESULTS UPDATE 65.",re-trace
0xd0007c3e,esp05_ESP_Bremsdruck,DATA,"ESP-measured brake pressure from ESP_05 (0x106) 16|10 (0.3 bar, -30), decoded 80106db8:109-117 as (raw-100)*3 internal (raw 100 = 0 bar). NOT a 'second ACC setpoint' (older maps mislabeled it). Not read by 8013c5d4. See RESULTS UPDATE 65.",re-trace
0xd0007cb8,tsk02_TSK_Verzoeg_Anf_src,DATA,"AC_SP_CRU_BRAKE_CTL = decel request source packed into TSK_02 (0x10C) byte8 by 80137a00. 850e-6 offset-binary; packer clamps [0x6db1=-3.984, 0x89b6=+2.112]. Set by 8013ef46:956 (=cae when a58c!=0, else 0x8000). See acc_flow.md / UPDATE 61.",re-trace
0xd0007ce0,acc_engine_torque_request,DATA,ACC engine-torque request. Q5: = Ramd0007ccc passthrough (80141528:56). ACC_05 mode: = drive-off torque from d0007baa(Momentenanforderung) via 80141528:89-134. See RESULTS UPDATE 66.,re-trace
0xd000a3b9,acc05_ACC_Freigabe_Momentenanf,DATA,"ACC_Freigabe_Momentenanf (torque-request enable) from ACC_05/DCC_5 (0x10D) bit12, decoded 801383fc:92. See RESULTS UPDATE 65.",re-trace
0xd000a3ba,acc05_ACC_Betaetigung_EPB,DATA,"ACC_Betaetigung_EPB (EPB-close request) from ACC_05/DCC_5 (0x10D) bit60, decoded 801383fc:114. The EPB engage bit; engine RX-decodes it (if 0x10D received). See RESULTS UPDATE 65.",re-trace
0xd000a3bd,acc05_ACC_limitierte_Anfahrdyn,DATA,"ACC_limitierte_Anfahrdyn from ACC_05/DCC_5 (0x10D) bit15, decoded 801383fc:93. See RESULTS UPDATE 65.",re-trace
0xd000a4cb,esp05_ESP_Lenkeingriff_ADS,DATA,"ESP_Lenkeingriff_ADS from ESP_05 (0x106) bit28, decoded 80106db8:120. See RESULTS UPDATE 65.",re-trace
0xd000a4e4,esp05_ESP_Autohold_Standby,DATA,"ESP_Autohold_Standby from ESP_05 (0x106) bit35, decoded 80106db8:126. See RESULTS UPDATE 65.",re-trace
0xd000a4e6,esp05_ESP_QBit_Bremsdruck,DATA,"ESP_QBit_Bremsdruck (brake-pressure quality bit) from ESP_05 (0x106) bit12, decoded 80106db8:104. See RESULTS UPDATE 65.",re-trace
0xd000a4e7,esp05_ESP_Fahrer_bremst,DATA,"ESP_Fahrer_bremst (driver is braking) from ESP_05 (0x106) bit26, decoded 80106db8:118. See RESULTS UPDATE 65.",re-trace
0xd000a4e9,esp05_ESP_Autohold_aktiv,DATA,"ESP_Autohold_aktiv (ESP vehicle-hold active) from ESP_05 (0x106) bit56, decoded 80106db8:133. See RESULTS UPDATE 65.",re-trace
0xd000a4ea,esp05_ESP_QBit_Fahrer_bremst,DATA,"ESP_QBit_Fahrer_bremst from ESP_05 (0x106) bit13, decoded 80106db8:105. See RESULTS UPDATE 65.",re-trace
0xd000a4eb,esp05_ESP_Verz_TSK_aktiv,DATA,"ESP_Verz_TSK_aktiv (ESP is executing the engine's TSK deceleration) from ESP_05 (0x106) bit27, decoded 80106db8:119. Part of the engine<->ESP brake handshake. See RESULTS UPDATE 65.",re-trace
0xd000a4ec,esp05_ESP_Bremsruck_AWV2,DATA,"ESP_Bremsruck_AWV2 from ESP_05 (0x106) bit30, decoded 80106db8:122. See RESULTS UPDATE 65.",re-trace
0xd000a4ed,esp05_ESP_Status_Bremsentemp,DATA,"ESP_Status_Bremsentemp from ESP_05 (0x106) bit34, decoded 80106db8:125. See RESULTS UPDATE 65.",re-trace
0xd000a4ee,esp05_ESP_HDC_Standby,DATA,"ESP_HDC_Standby from ESP_05 (0x106) bit36, decoded 80106db8:127. See RESULTS UPDATE 65.",re-trace
0xd000a4ef,esp05_ESP_Rueckwaertsfahrt_erkannt,DATA,"ESP_Rueckwaertsfahrt_erkannt from ESP_05 (0x106) bit39, decoded 80106db8:128. See RESULTS UPDATE 65.",re-trace
0xd000a4f0,esp05_ECD_Bremslicht,DATA,"ECD_Bremslicht from ESP_05 (0x106) bit59, decoded 80106db8:134. See RESULTS UPDATE 65.",re-trace
0xd000a4f1,esp05_ESP_Status_Bremsdruck,DATA,"ESP_Status_Bremsdruck from ESP_05 (0x106) bit61, decoded 80106db8:135. Participates in the 8013ef46 decel-enable predicate (older maps called it an 'ACC enable' bit). See RESULTS UPDATE 65.",re-trace
0xd000a4f2,esp05_ECD_nicht_verfuegbar,DATA,"ECD_nicht_verfuegbar from ESP_05 (0x106) bit33, decoded 80106db8:124. See RESULTS UPDATE 65.",re-trace
0xd000a4f3,esp05_ESP_Status_Anfahrhilfe,DATA,"ESP_Status_Anfahrhilfe from ESP_05 (0x106) bit40, decoded 80106db8:129. See RESULTS UPDATE 65.",re-trace
0xd000a4f4,esp05_ECD_Fehler,DATA,"ECD_Fehler from ESP_05 (0x106) bit32, decoded 80106db8:123. See RESULTS UPDATE 65.",re-trace
0xd000a4f5,esp05_ESP_Konsistenz_TSK,DATA,"ESP_Konsistenz_TSK (ESP TSK-request consistency/plausibility handshake) from ESP_05 (0x106) bit29, decoded 80106db8:121. See RESULTS UPDATE 65.",re-trace
0xd000a54b,acc_driveoff_inhibit,DATA,"ACC_05 drive-off inhibit = (d0001321!=0 || a54c!=0), set by 8010a6ec. Gates the drive-off torque branch in 80141528 (requires a54b==0). See RESULTS UPDATE 66.",re-trace
0xd000a54c,acc_epb_hold_fault_inhibit,DATA,"ACC_05/EPB hold fault-inhibit word (16 conditions masked by cal 80043ccc[0x14]), set by 8010a6ec. Read by 8011101c/80137d0c/80137f2c. See RESULTS UPDATE 66.",re-trace
0xd000a54d,acc_standstill_hold_confirmed,DATA,ACC_05/EPB standstill-hold CONFIRMED (debounced). Set by 8010a6ec when hold timer uRamc0001062 >= cal 80043828[5]. Read by drive-off diag 8010a4fc + reset 801ab824. Cal-gated (a5a8) => dead on Q5. See RESULTS UPDATE 66.,re-trace
0xd000a58c,tsk02_TSK_Freig_Verzoeg_Anf_src,DATA,"TSK_Freig_Verzoeg_Anf (decel-ENABLE) source, TSK_02 (0x10C) byte7 bit7. Set 8013ef46:932-936: =(a57c==0 & b28e in {1,5} & sRamc113c<=cal) || d1181. Gates whether the decel value (cb8) flows. See RESULTS UPDATE 61/64.",re-trace
0xd000a58d,tsk02_TSK_Anhalten_src,DATA,"TSK_Anhalten source, packed into TSK_02 (0x10C) byte2 bit4 by 80137a00:49/94. = acc01_ACC_Anhalten(a7ae) when b28e in {1,5} & a757(LV_DCC_ENA)!=0, else 0 (8013ef46:937-943). The engine's standstill-hold request to ESP. See RESULTS UPDATE 63/64.",re-trace
0xd000a58f,tsk02_TSK_Zwangszusch_ESP_src,DATA,"TSK_Zwangszusch_ESP (forced ESP coupling/intervention ENABLE) source, TSK_02 (0x10C) byte7 bit6. Set 8013ef46:963-969 = (b28f in {1,2}). Live companion enable during active ACC control; NOT an independent hold. See RESULTS UPDATE 64.",re-trace
0xd000a5a8,acc_mode_ACC05_Momentenanf_sel,DATA,"ACC mode select = DAT_80043caf & 1 (sole writer 801abf64:21; cal-fixed). 0 (Q5, this image caf=0x06) = ACC_01 + TSK_02(80137a00, has Anhalten) + hold-relay branch enabled in 8013ef46:850 (requires a5a8==0). 1 = ACC_05 Momentenanforderung drive-off path (80141528) + TSK_05(80137f2c) + hold-relay DISABLED. Mutually exclusive with the ACC_01 hold relay. See RESULTS UPDATE 66.",re-trace
0xd000a5ac,acc_driveoff_active,DATA,"ACC drive-off-active flag (80141528:148): true if b28e in {1,2,5,6} OR the ACC_05 Momentenanf gate. When set, Ramd0006998 carries the drive-off torque; else 0x80000000 (neutral). See RESULTS UPDATE 66.",re-trace
0xd000a5ae,acc05_creep_status_tsk,DATA,"ACC_05-path creep/low-speed status (80141528:187), from ego-speed vs cals 0x800435e2/e6. Read by TSK packers 8011101c/80137d0c/80137f2c. A status bit, NOT a hard speed floor. (a5ad sibling is dead - no readers.) See RESULTS UPDATE 66 Q3-followup.",re-trace
0xd000a756,coding_GRA_ena,DATA,"GRA (basic cruise) coding enable, long-coding cell 27 type1 (decoded 801b5900). See RESULTS UPDATE 60.",re-trace
0xd000a757,LV_DCC_ENA,DATA,LV_DCC_ENA — ACC(Basic-ACC) coding enable from long-coding cell 27 (decoded 801b5900). a757!=0 required to forward ACC_Anhalten and selects the ACC min-accel curve (0x5b728). GRA-coded car has a757=0 and never forwards hold. See RESULTS UPDATE 60/64.,re-trace
0xd000a758,coding_F2S_bit_DEAD,DATA,"Follow-to-Stop coding bit (cell 27 type3), written only by 801b5900, read by NOTHING => F2S not implemented in this firmware. See RESULTS UPDATE 60.",re-trace
0xd000a79f,tsk02_TSK_Codierung_ACC_src,DATA,"TSK_Codierung_ACC source, TSK_02 (0x10C) byte7 bit5 (coding constant via 8011101c). See acc_flow.md / UPDATE 61.",re-trace
0xd000a7ae,acc01_ACC_Anhalten,DATA,"ACC_Anhalten / LV_CAN_VEH_STOP_REQ_DCC — stop/hold request from DCC_1/ACC_01 (0x109) byte7 bit1, decoded 801383e8:94. Gated forward to tsk02_TSK_Anhalten_src(a58d) in 8013ef46:937 (when b28e in {1,5} & a757!=0). The standstill-hold input. See RESULTS UPDATE 63/64.",re-trace
0xd000ad0f,acc_master_compute_enable,DATA,ACC master compute-enable (from 8011ac80). 8013ef46 early-returns unless ad0f!=0; also an 8013c5d4 engage gate. See acc_flow.md / UPDATE 64.,re-trace
0xd000b055,acc05_Momentenanf_valid,DATA,"ACC_05 ACC_Momentenanforderung validity status (801383fc:109): 1=valid, 2/3=SNA/invalid. Gates drive-off in 80141528 (needs b055==1). See RESULTS UPDATE 66.",re-trace
0xd000b056,acc05_ACC_StartStopp_Info,DATA,"ACC_StartStopp_Info from ACC_05/DCC_5 (0x10D) 44|2, decoded 801383fc:110. See RESULTS UPDATE 65.",re-trace
0xd000b057,acc_ACC_Status_ACC,DATA,"ACC_Status_ACC (0..7) — the SAME logical signal decoded from whichever ACC frame is coding-active: ACC_01 (0x109) bit60|3 = byte7[6:4] via 801383e8:96, or ACC_05 (0x10D) bit57|3 = byte7[1:3] via 801383fc:113. Only the cal-selected frame's decoder writes it (no runtime conflict). On the Q5 (80043bc6=0x0900 -> ACC_01) it is ACC_01's field. See RESULTS UPDATE 66.",re-trace
0xd000b06a,acc01_ACC_Dynamik,DATA,"ACC_Dynamik / CAN_STATE_DCC_DYN — DCC_1/ACC_01 (0x109) byte7 bits2-3, decoded 801383e8:95. Reader 8013e47c (torque-rate switch, but INERT: all 4 cals=500). See RESULTS UPDATE 62.",re-trace
0xd000b1ea,esp05_ESP_BKV_Unterdruck,DATA,"ESP_BKV_Unterdruck (brake-booster vacuum) from ESP_05 (0x106) 48|8, decoded 80106db8:132. See RESULTS UPDATE 65.",re-trace
0xd000b1ec,esp05_ESP_StartStopp_Info,DATA,"ESP_StartStopp_Info from ESP_05 (0x106) 42|2, decoded 80106db8:130. See RESULTS UPDATE 65.",re-trace
0xd000b1ed,esp05_ESP_Schwelle_Unterdruck,DATA,"ESP_Schwelle_Unterdruck from ESP_05 (0x106) 14|2, decoded 80106db8:107. See RESULTS UPDATE 65.",re-trace
0xd000b28d,STATE_CRU_CTL_CAN,DATA,"TSK_Status_GRA_ACC_01 source (TSK_02/0x10C byte3 bits1-0). 0..3 enum, 3=Fehler_GRA_ACC = the LATCHING fault that stops ACC. Written by the CRUC machine per state: 1(8013e47c)/5(8013e3f8)=1, 2(8013e674)=2, fault(8013e8aa@8013e910)=3. 8013e8aa has NO dispatch case for state 3 (verified in disasm 8013e8ac): once d0001165=3 the machine can only exit via full CRUC re-init 801abc7c, which runs only on an ACC master-mode cycle (disengage/re-arm or key cycle) -- hence 'latching'. THREE entry routes to 3: [A] cond-word bit3 = (a59c!=0 || b298==3), from any state; [B] cond-word bit4 = d0001177, from state 0 only; [C] coding-reset branch 8013ef46:73-84. See maps/status3_routes.md.",re-trace
0xd000b28e,STATE_CRU_CTL,DATA,"Internal cruise/ACC control state (0=off/standby,1&5=regulating,2=decel-ramp split of 1,3=Fehler(latched),4=override,6=blend-out). {1,5} = actively regulating (arms TSK_Anhalten/decel). Written by 8013e8aa; internal shadow d0001165. Feeds STATE_CRU_CTL_CAN(b28d). State 3 is the terminal latch (maps/status3_routes.md).",re-trace
0xd000b28f,STATE_CRU_CTL_long_substate,DATA,"Longitudinal-controller sub-state (from 8013e8aa): 1=engaged/controlling, 2=decel/approach, 3=transient, 0=off. Drives tsk02_TSK_Zwangszusch_ESP_src (a58f=(b28f in {1,2})). See RESULTS UPDATE 64/65.",re-trace
0xd000da54,ram_acc_vehicle_speed_mon,DATA,"ACC-monitor ego-speed working copy (=DAT_d000d644=clamp(d5618*32/25)), written 801efbb8:415. Scale 1/128 km/h (128 counts=1.0 km/h). = FR VS_MON. Compared vs C_VS_MIN_CRU_MON (15km/h) in 80102f60. See acc_flow.md.",re-trace
0x801408bc,acc_master_request_producer,FUNCTION,"Stalk/master-ACC state machine; produces the master-request bytes d000b296 (mode) / b297 / b298 that feed acc_brake_request_formation (8013c5d4) and the CRUC machine. THE ESP_05 CONSUMER: it reads esp05_ECD_nicht_verfuegbar (0xd000a4f2) and debounces it over two cycles against its own previous-cycle copy d00016f0, then folds the result into the mode byte: driver-braking/override -> 1; (!esp05_ESP_Verz_TSK_aktiv || ECD-unavailable-debounced) -> 0; otherwise -> 2. NOTE this function reads no EGO-SPEED variable, which earlier work recorded as 'no speed term' -- true literally, but the speed dependence enters here via ECD_nicht_verfuegbar, which the ESP asserts as a function of speed at ~15 km/h.",re-trace
0x801aa558,reset_control_flags,FUNCTION,"Fail-safe reset of the decoded ESP_05 ECD bits: esp05_ECD_Bremslicht = 0 (:28), esp05_ECD_nicht_verfuegbar = 1 (:30, i.e. defaults to UNAVAILABLE), esp05_ECD_Fehler = 0 (:33). It does NOT touch the master-request bytes d000b296/b299 -- those are reset in 801abe80 (:36/:39).",re-trace
0xd000b296,acc_master_request_mode,DATA,"Master-request MODE byte, written by acc_master_request_producer (801408bc:223). Values: 1 = driver braking or override active; 0 = TSK deceleration inactive OR ECD unavailable (debounced); 2 = ECD available AND TSK decel active. Read by acc_brake_request_formation (8013c5d4) at :569, :711 and :1043, each testing == 2 -- so ECD unavailability drops the mode to 0 and removes those active branches on the way to the brake request Ramd0007c9a. Also read by 8013e13c/8013e3f8/8013e674/8013e8aa/8013ef46 (the CRUC machine); reset in 801abe80:36. This is how the ESP's ECD declaration reaches TSK_02, INDEPENDENTLY of the C_VS_MIN_CRU_MON latching L2 fault, which contains no esp05_ reference at all.",re-trace
0xd000b299,acc_ecd_unavail_debounced,DATA,"Debounced ECD-unavailable flag: (selected ECD bit this cycle AND its previous-cycle value), written at acc_master_request_producer 801408bc:222 and read back by the same function at :62 as the previous-cycle term. Reset in 801abe80:39. The functional effect travels via d000b296, not via this byte -- nothing outside 801408bc consumes it.",re-trace
0xd00016f0,esp05_ECD_nicht_verfuegbar_prev,DATA,"Previous-cycle copy of esp05_ECD_nicht_verfuegbar, stored at the tail of acc_master_request_producer (801408bc:544-545). Forms the 2-cycle debounce with the current value.",re-trace
0xd00016f1,esp05_ECD_Fehler_prev,DATA,"Previous-cycle copy of esp05_ECD_Fehler, stored alongside d00016f0 at 801408bc:546-547; same 2-cycle debounce pattern applied to the ECD fault bit.",re-trace
0xd000a582,acc_brake_enable_mode2,DATA,Enable flag in acc_brake_request_formation (8013c5d4:569-575): set to 1 only when uRamc00010b8 is below its cal threshold AND acc_master_request_mode == 2 AND a further condition; 0 otherwise. One of the three places ECD unavailability removes brake-request authority.,re-trace
0xd00011de,acc_brake_mode2_alt_flag,DATA,"Flag set in acc_brake_request_formation (8013c5d4:1043-1047) where acc_master_request_mode == 2 acts as an ALTERNATIVE to a threshold comparison (Ramd0007c98 < iVar27), gated by iVar23 < sRamc00010da. Third of the three mode-2 gates on the path to Ramd0007c9a.",re-trace
0x80043cd0,cal_ecd_debounce_source_select,DATA,"Selects WHICH ESP_05 ECD bit acc_master_request_producer debounces into d000b296 (801408bc:66, tested as WORD_ARRAY_80043ccc[2] & 1): bit clear -> esp05_ECD_Fehler; bit set -> esp05_ECD_nicht_verfuegbar. This image holds 0x01, so ECD_nicht_verfuegbar is the operative source. NOTE clearing this bit does not remove the gate, it only switches which ECD bit drives it.",re-trace
0x801d371c,programming_session_reflash_loop,FUNCTION,"UDS programming-session executor: sets base regs, flash_driver_init(0x800826c0) loads the reflash op-descriptor, then a watchdog-serviced service loop (STM_TIM0 us pacing, toggles P0_OMR pin from _DAT_c03fcc94) until DAT_c03fcc9x signals done; finishes via FUN_801d3b94 and UNK_d000ad7a=1",re-trace
0x801f13b8,flash_driver_init,FUNCTION,"Flash driver init: zeroes state block @0xc03fd380, stores reflash-descriptor root (param_1) into flash_descriptor_root, populates segment table via FUN_801f2d30, sets flash_staging_ptr=0xc03fd3d0",re-trace
0x801f1598,flash_write_dispatch,FUNCTION,"UDS RequestDownload/TransferData WRITE dispatcher: bounds-checks [offset,offset+len) subset-of segment (else NRC 0x80), requires cmd byte0==reflash_cmd_signature(DAT_800826d4), routes to flash_write_transfer. Segment record stride 0x14 at flash_descriptor_root[4]+idx*0x14; refuses idx>=flash_segment_count",re-trace
0x801f14e0,flash_erase_dispatch,FUNCTION,"Erase-op dispatcher (sibling of flash_write_dispatch): validates segment idx<flash_segment_count and cmd byte, routes to flash_erase_segment_loop(801f3fb8)",re-trace
0x801f3b5e,flash_write_transfer,FUNCTION,"THE write path: installs flash op vtable (@c03fd390 program=flash_program_page), computes target=descriptor[seg].addr+off|0xa0000000, streams request bytes into staging buffer 0xc03fd3d0 page-by-page (page size from DAT_801f2cf8+i*0x14), programs each full page via flash_program_page_exec(801f39b4); watchdog-serviced. Never accepts an out-of-segment address",re-trace
0x801f39b4,flash_program_page_exec,FUNCTION,"Program-one-page executor: watchdog-service, get_status_code, calls program op _DAT_c03fd390(=flash_program_page) then verify_flash_data_801f1cf0",re-trace
0x801f249e,flash_program_page,FUNCTION,"TC1796 PMU program-page: fills page assembly buffer (param_1+0x55f0) with 16/32 dwords from staging buffer 0xc03fd3d0, issues program unlock seq 0xAA/0x55/0xA0 then 0xAA, polls FLASH_FSR (0x800 PROER, 0x400 PFOPER, 0x10, 0x80000000 busy/done); gated by cmd sig byte3 DAT_800826d7; latches errors into per-segment status(+0xc)/flash_error_flags",re-trace
0x801f2224,flash_erase_sector,FUNCTION,"TC1796 PMU erase-sector: issues 0xF5(clear-status)/0xAA/0x55/0x80/0xAA/0x55 then confirm word (sector*0x10+0x30), polls FLASH_FSR, retries x3; gated by cmd sig byte3 DAT_800826d7",re-trace
0x801f3fb8,flash_erase_segment_loop,FUNCTION,"Whole-segment erase executor: flash_find_sector_range -> [first,last] sector then loops EVERY sector in the descriptor segment unconditionally calling flash_erase_sector -> wipes the entire 256K cal segment to 0xFF. No sub-sector/single-sector erase exists",re-trace
0x801f1704,flash_blank_check,FUNCTION,"Post-erase blank/verify: reads region via 0xa0000000 (PFLASH)/0xafe00000-0xafe20000 (DFLASH) alias, checks all bytes==0xFF (erased) using MARD margin-read (update_flash_mard_801f1fc4) around the two DFLASH banks; NRC 0x20 on mismatch",re-trace
0x801f1c74,flash_find_sector_range,FUNCTION,"Maps [segbase, segbase+size) to a physical sector index range -> flash_sector_first/flash_sector_last, from the sector geometry table at param_1+0xc (8-byte {start,end} sector records)",re-trace
0x80024f66,uds_service_dispatch,FUNCTION,"THE UDS service dispatcher (sole request/response path). Walks the linked-list SID registry (12-byte records), matches the incoming SID, calls uds_access_gate; if permitted invokes the record handler (*(code*)(handler&~1))(ctx,arg), else writes NRC 0x33/0x13. No raw-CAN CCP/XCP command-byte switch exists anywhere in parallel -> Door 3 (CCP/XCP UPLOAD) is absent",re-trace
0x8002c3c4,uds_access_gate,FUNCTION,"Per-service session/security gate: ANDs the service attr byte (0x30/0x31/0x70/0x71 from the SID record) against the active session mask (ctx->session & 0xc); returns 0x11 serviceNotSupported when not permitted (0x33 securityAccessDenied upstream), else forwards via PTR_check_status_and_update_flag_80080234",re-trace
0x800826c0,UDS_REFLASH_DESCRIPTOR,DATA,"Reflash op-descriptor root: count=5, segment-array ptrs 0x8008265c/0x80082654; programs CALIBRATION (0xa0040000, 256K) + DFLASH/EEPROM (0xafe00000/0xafe10000) only — NOT the ASW code banks and NOT the boot sector",re-trace
0x800826d4,reflash_cmd_signature,DATA,"4-byte reflash command signature {0x53,0x65,0xca,0x35} (u32 0x35CA6553). The UDS transfer command word (param_5) bytes 0..3 must equal DAT_800826d4..d7 in flash_write_dispatch/flash_write_transfer/flash_program_page/flash_erase_sector or the op is rejected (NRC 0x02). Acts as a fixed magic gating the flash primitives",re-trace
0xc03fd380,flash_descriptor_root,DATA,"Flash driver: active reflash op-descriptor root ptr (set by flash_driver_init; =0x800826c0 for the UDS reflash path). Segment records live at [this+4]+idx*0x14 {flags,addr,size,...}",re-trace
0xc03fd384,flash_seg_status_array,DATA,Flash driver: per-segment status record array base (idx*0x10; +0xc is the FSR error/status accumulator word for that segment),re-trace
0xc03fd388,flash_scratch_ptr,DATA,"Flash driver: scratch/definition buffer ptr, cleared via fill_memory_800a5988 after each op",re-trace
0xc03fd38c,flash_error_flags,DATA,"Flash driver: global FLASH_FSR error accumulator for out-of-range segment index (|=0x80040400 prot/oper err, 0x20000 program err, 2 verify err)",re-trace
0xc03fd390,flash_op_program,DATA,"Flash op vtable[0]: program/erase primitive fn ptr — flash_program_page(801f249e) in write mode, flash_erase_sector(801f2224) in erase mode",re-trace
0xc03fd398,flash_op_service,DATA,Flash op vtable[2]: watchdog/comm service fn invoked on the STM_TIM3 interval during long flash ops (compared vs sentinel _DAT_c03fd39c to detect 'no service installed'),re-trace
0xc03fd3a0,flash_op_issue,DATA,Flash op vtable[4]: PMU command-issue/resume fn (FUN_801f274a),re-trace
0xc03fd3a8,flash_service_interval,DATA,Flash driver: STM_TIM3 tick threshold between watchdog/comm service calls during flash ops,re-trace
0xc03fd3ac,flash_last_service_tim3,DATA,Flash driver: STM_TIM3 timestamp of the last service call,re-trace
0xc03fd3be,flash_segment_count,DATA,"Flash driver: number of segments in the active descriptor (=5), populated by FUN_801f2d30. Segment-index bound: idx>=this routes the op to flash_error_flags instead of a real segment",re-trace
0xc03fd3c0,flash_error_latch,DATA,Flash driver: set to 1 on any FLASH_FSR error during program/erase,re-trace
0xc03fd3c4,flash_staging_ptr,DATA,Flash driver: staging buffer ptr = 0xc03fd3d0 (where TransferData bytes are assembled before programming),re-trace
0xc03fd3c8,flash_cur_write_addr,DATA,Flash driver: current page write target = descriptor[seg].addr+off|0xa0000000 (non-cached PFLASH alias),re-trace
0xc03fd3cc,flash_last_write_addr,DATA,"Flash driver: previous page write target, used for page-boundary detection in flash_write_transfer",re-trace
0xc03fd3d0,FLASH_PAGE_STAGING_BUFFER,LABEL,"Reflash staging buffer: UDS TransferData payload is assembled here, then flash_program_page copies 128/256-byte pages from it into the TC1796 PMU page-assembly buffer",re-trace
0xc03fd3b8,flash_sector_first,DATA,flash_find_sector_range output: first physical sector index of the segment being erased,re-trace
0xc03fd3ba,flash_sector_last,DATA,flash_find_sector_range output: last physical sector index of the segment being erased,re-trace
0xc03fd4d4,flash_erase_pending,DATA,"Flash driver: erase-in-progress flag (set 1 by flash_erase_segment_loop, consumed/cleared by flash_write_transfer to sequence erase-before-program)",re-trace
0xd000a59c,acc_ext_fault_or_ROUTE_A,DATA,ROUTE A anchor. External-fault OR feeding CRUC cond-word bit3 (8013ef46:731: bit3 set if a59c!=0 || b298==3 -> STATE_CRU_CTL=3 from ANY state). Built 801408bc:296-302: a59c = ((fault_word c000118a & cal_0x80043cf2) != 0) || (d00016e9 != 0). Mask 0x80043cf2 = 0xFFFF so all 16 fault-word bits are live. The 16 bits are ACC input-signal validity / DTC-active flags (COM descriptor bit2 or DTC substitution); full table in maps/status3_routes.md. d00016e9 is a 17th independent sensor/actuator-validity OR term.,re-trace
0xd00016e9,acc_sensor_valid_or_ROUTE_A,DATA,ROUTE A 17th term. Sensor/actuator-validity OR (built 801408bc:220 = d00016e9-fault word & cal 0x80043296=0xFF). a59c=1 if this !=0 even when the 16-bit fault_word is clear. See acc_ext_fault_or_ROUTE_A (d000a59c) / maps/status3_routes.md.,re-trace
0xd000a03b,egas_l2_monitor_aggregate_fault_ROUTE_A_bit6,DATA,"EGAS-L2 monitor AGGREGATE fault = a03c || a040 || d0001856 (8009c0b4:837). Feeds Route A fault-word bit 0x40 -> a59c -> CRUC status 3, and the GRA fault latch a551 (8013b0ec d00011a0 bit4). The acceleration-side fault: torque-vs-ACC-status plausibility, SPEED-INDEPENDENT (not the ECD decel gate, not a 15 km/h floor). See status3_routes.md / low_speed_floors.md.",re-trace
0xd000b298,acc_main_state_enum,DATA,"ACC main-state enum from 801408bc (d00016ea, committed :500). Values 0/1/3/4. b298==3 -> CRUC cond-word bit3 -> STATE_CRU_CTL=3 (ROUTE A). Reaches 3 via 801408bc:440 (bVar2=coding OFF path) or :449-472 selector d00016ee(bit0-1)/d00016ec(bit2-3)/d00016ed(bit4-5) of bVar23 (assist-fault word, cal 0x8004327a[0xf]) or mirror of GRA main state b286. See maps/status3_routes.md.",re-trace
0xd000b286,gra_main_state,DATA,"GRA (basic-cruise) main state, written 8013a754 (0=off,1=engaged/controlling,3=fault). b286=3 -> b298=3 -> CRUC status 3 (ROUTE A). b286=3 is the GRA fault park, reached when the GRA fault latch a551!=0 (LAB_8013aa62). Also mirrored into b297 (ROUTE B input). See maps/status3_routes.md.",re-trace
0xd000a551,gra_fault_latch,DATA,"GRA fault latch. Set 8013b0ec:239 when (d00011a0 & cal 0x8004340e=0x77)!=0; the d00011a0 bits are input/plausibility faults incl. bit0(aa6f|a9ed sensor), bit1(a9a5), bit2(aa3f&a3b4 brake-signal), bit4(a68a|a62e|a62f|a07a|a03b|a62d cluster incl. EGAS-L2), bit5(b28a). a551!=0 forces GRA main state b286=3 (8013a754) -> b298=3 -> CRUC status 3. Cleared by 801ab860 (CRUC/master re-init). See maps/status3_routes.md.",re-trace
0xd0001177,acc_brakeoverride_fault_timer_ROUTE_B,DATA,ROUTE B anchor. Sets CRUC cond-word bit4 (8013ef46:738) which -> STATE_CRU_CTL=3 but ONLY from state 0 (8013e8aa:8013e8cc; bit4 is not consulted in states 1/2/4/5). Built 8013ef46:106-130: d0001177=1 after b296==1 (driver braking/override) AND b297==1 (high-level cruise still ENGAGED) held together for cal 0x8004377c = 20 consecutive cycles; the timer wRamc0001170 resets whenever b296!=1 OR b297!=1. So it is NOT 'braking in standby' per se -- it is a persistent driver-brake-override while the high-level engage-state failed to cancel (a stuck-override / failed-cancel plausibility fault). See maps/status3_routes.md.,re-trace
0xd0001176,acc_brakeoverride_inhibit_ROUTE_B,DATA,"ROUTE B precursor. d0001176=1 after b296==1 (driver braking/override) held cal 0x8004377a = 3 cycles; feeds inhibit word d0001169 bit0 -> d0001160 (mask 0x80043422=0xEF) -> CRUC cond-word bit1 -> forces exit from {1,5} to standby (state 0). This is the NORMAL brake-cancel. If the brake-override then persists 20 cycles with b297 still ENGAGED, d0001177 escalates it to the status-3 latch (ROUTE B). See maps/status3_routes.md.",re-trace
0xd000b297,acc_engage_state_mirror_ROUTE_B,DATA,"High-level cruise/ACC engage-state mirror, written 801408bc:423-438: = GRA main state b286 (if GRA-coded) else DCC substate b29d (if ACC-coded). Value 1 = engaged/active. ROUTE B fault requires b297==1 to persist WITH driver braking (b296==1) for 20 cycles -> d0001177 -> status 3. If a brake tap properly cancels cruise, b297 leaves 1 and the d0001177 timer resets. See maps/status3_routes.md.",re-trace
0x80043cf2,cal_acc_ext_fault_mask_ROUTE_A,DATA,ROUTE A mask (WORD_ARRAY_80043ccc[0x13]). u16=0xFFFF in this image -> all 16 fault-word bits are live in a59c (801408bc:296). Zeroing a bit here would remove that fault from the status-3 path. See acc_ext_fault_or_ROUTE_A / maps/status3_routes.md.,re-trace
0x8004377a,cal_acc_brake_inhibit_debounce_ROUTE_B,DATA,ROUTE B d0001176 debounce (WORD_ARRAY_80043774[3]). u16=3 cycles of b296==1 before the brake-override inhibit asserts (normal brake-cancel to standby). See maps/status3_routes.md.,re-trace
0x8004377c,cal_acc_brake_fault_debounce_ROUTE_B,DATA,ROUTE B d0001177 debounce (WORD_ARRAY_80043774[4]). u16=20 cycles of (b296==1 AND b297==1) before the brake-override escalates to the status-3 latch. See maps/status3_routes.md.,re-trace
0x8004340e,cal_gra_fault_mask,DATA,"GRA fault-latch mask (a551). u8=0x77 in this image: selects which d00011a0 plausibility bits (8013b0ec) latch GRA main state to fault (b286=3 -> b298=3 -> CRUC status 3, ROUTE A). See gra_fault_latch (d000a551) / maps/status3_routes.md.",re-trace
0x80043d7f,cal_acc_coding_reset_status3_gate_ROUTE_C,DATA,"ROUTE C gate (byte at WORD_ARRAY_80043ccc[0x59] high byte). u8=0x01 (live) in this image. In the 8013ef46:73-84 coding-reset branch (entered when ECU is neither GRA- nor DCC-coded, or ACC_05 mode selected), STATE_CRU_CTL_CAN=3 iff d000aab5!=0 AND this cal !=0; else 0. A wrong-coding / unsupported-mode fault (e.g. why VCDS rejects F2S). See maps/status3_routes.md.",re-trace
0x801dfe06,acc_status_error_aggregator_body,FUNCTION,"Body of the ACC status/diagnosis aggregator (80102f60 prologue falls through into here). Builds the 13-way diagnosis accumulator d000d8e0 (:709) from 13 RELAYED CAN symptoms (debouncers d714..d740, inputs d5b5/d5bb/d62b/d5d8/d5f5/d670/d67f/d685/d693/d695/d680/d5fc/d683 copied by 801dec08 -- NONE speed-derived), the key-cycle latch d8b4, d8e2, and the 15 km/h crawl monitor (d79a/d7a7/d8ab). See low_speed_floors.md sec.1 CORRECTION + acc_flow.md.",re-trace
0xd000d79a,crawl_monitor_below15_debounced,DATA,"Internal 15 km/h L2 crawl-monitor debounced output (VS_MON da54 <= cal 0x800794ef*0x80 in 80102f60). REPORTING-ONLY: feeds d000d88b bit5 (never tested) and d79e->d88b bit4. Does NOT reach the status-3 latch d8e0 (fed by relayed symptoms only) nor gate braking. Per FR ch.14.16 this is the C_VS_MIN_CRU_MON monitor-ARMING side, not a fault. See low_speed_floors.md sec.1.",re-trace
0xd000d8ab,crawl_monitor2_below15,DATA,"Second 15 km/h crawl-monitor output (band at cal 0x800794f2, 80102f60). Copied by 801031bc to d000a35f -> telltale field on CAN frame 0x5C0 (80137084). REPORTING-ONLY; no fault, no control gate. See low_speed_floors.md sec.1.",re-trace
0xd000d88b,acc_monitor_status_word,DATA,ACC aggregator status bit-word. Crawl-monitor bits 3(d7a7/d794)/4(d79e)/5(d79a) are WRITTEN BUT NEVER TESTED; only bits 0/1/6/7 are read internally. Evidence the 15 km/h crawl monitor is reporting-only. See low_speed_floors.md sec.1.,re-trace
0xd000a35f,tsk_status_5c0_crawl_field,DATA,"CAN-export field on frame 0x5C0 (= crawl-monitor d000d8ab, via 801031bc; packed by 80137084:95). The internal 15 km/h monitor's only functional escape -- a telltale/status field, not a control gate. See low_speed_floors.md sec.1.",re-trace
0xd000d8e0,acc_diag_accumulator_13way,DATA,"13-way ACC diagnosis accumulator (Ramd000d8e0), built 801dfe06:709 from 13 RELAYED CAN symptoms only (debounced ==3). NONE is speed- or crawl-derived (verified). Chain: d8e0 -> d744 -> d8b4 (key-cycle latch) -> d8e2.bit2 -> 801eca44 -> d91d status enum on frame 0x5C0. This is the SECOND status-3 channel; like the CRUC b28d channel it has NO ego-speed input. See low_speed_floors.md sec.1 / status3_routes.md.",re-trace
0xd000d8b4,acc_diag_keycycle_latch,DATA,"Key-cycle latch for the ACC diagnosis accumulator (801dfe06: gates recompute -- accumulator only rebuilt while d8b4==0). Debounced from d8e0 via d744. Latches the 0x5C0 status-3 until an ACC re-arm/key cycle. Fed by relayed symptoms, not speed. See status3_routes.md.",re-trace
0xd000d8ee,acc_master_state,DATA,"ACC master state (0=off,1=active,2=engaged), set in the aggregator (80102f60/801dfe06/801e0012). Feeds the status mapper 801eca44 (d8ee + d8e2.bit2 -> d91c/d91d 0..3). Build reads no ego-speed/crawl-monitor. See status3_routes.md.",re-trace
0xd000d91d,acc_status_enum_5c0,DATA,"ACC status enum (0=nicht_verbaut,1=aktiv,2=uebersteuert,3=Fehler_GRA_ACC), from 801eca44 (d8ee + d8e2.bit2). Packed into CAN frame 0x5C0 (via afef, 80137084). This is the SECOND status-3 channel (distinct from TSK_Status_GRA_ACC_01=b28d on TSK_02); it is driven by the relayed-symptom accumulator d8e0 and is likewise SPEED-INDEPENDENT. Prior docs' 'd91d/b28d' were conflated -- there is NO d91d->b28d write. See status3_routes.md.",re-trace
0xd000afef,acc_status_enum_5c0_can_mirror,DATA,"CAN-export mirror of the 0x5C0 ACC status enum (= d000d91d, via 801df1e4). Read by 80137084 (frame 0x5C0 packer). See d000d91d / status3_routes.md.",re-trace
0x8009c0b4,egas_l2_cruise_torque_monitor,FUNCTION,"EGAS-L2 (ASIL) cruise/torque safety monitor -- the ACCELERATION-side analog of the ESP ECD decel gate. Arms on acc_ACC_Status_ACC(b057) in {3,4} + a03f==0 (ae80>=cal(0)=always, long_substate!=0x37=always -> inert). When ACC commands positive torque while NOT armed, a debounce counter expires -> permitted torque forced to 0 -> a040/a03c=1 -> a03b -> Route A status 3. READS NO EGO SPEED (verified grep+disasm). The '15/13' cals it holds (C_VS_MIN_CRU_MON_L2 0x456bd/c0, _OFF 0x456c3) are DEBOUNCE COUNTER presets, NOT speed compares (disasm 8009ce4a: d9=d9-(d9!=0) countdown). Per FR ch.14.16.2 C_VS_MIN_CRU_MON is the monitor-ARMING speed (SET LV_CRU_MON_ACT_MON above ~15), not a fault floor. See low_speed_floors.md sec.1 + status3_routes.md.",re-trace
0x8009cf94,egas_l2_torque_monitor_companion,FUNCTION,Companion of egas_l2_cruise_torque_monitor (8009c0b4); computes the torque-plausibility flag a03f and the arming input ae80. Reads NO ego speed. See 8009c0b4.,re-trace
0xd000a040,egas_l2_cruise_speed_monitor_fault,DATA,"EGAS-L2 sub-fault: set 8009c0b4:460 when permitted-torque(uVar18) < requested ACC torque(acc_engine_torque_request hi) and a ~12-cycle debounce (cal 0x8004566c) expires, while drive-off d1855==0. Feeds a03b. No speed input. See 8009c0b4.",re-trace
0xd000a03c,egas_l2_torque_monitor_fault,DATA,"EGAS-L2 torque sub-fault (8009c0b4), torque-vs-permitted comparison. Feeds the aggregate a03b (with a040,d1856). No speed input. See 8009c0b4.",re-trace
0xd000a04e,egas_l2_aggregate_fault_mirror,DATA,"EGAS-L2 aggregate fault mirror = a03c||a040||d1856 (8009c0b4:840), set alongside a03b. See 8009c0b4.",re-trace
0xd0001855,acc_driveoff_active,DATA,"ACC drive-off / L2-armed state (=acc_driveoff_active, 800a0c9c:139). In 8009c0b4: when 1, permitted torque = requested (no fault); when 0, the debounce counter runs and can force permitted torque to 0 -> L2 fault. Tracks the monitor arming bVar1 (ACC active). See 8009c0b4.",re-trace
0xd000a03f,egas_l2_torque_plausibility_flag,DATA,EGAS-L2 torque-plausibility flag (set 8009cf94). a03f!=0 disarms the 8009c0b4 monitor's 'legit ACC active' condition. No speed input. See 8009c0b4.,re-trace
0xd000ae80,egas_l2_monitor_arming_input,DATA,EGAS-L2 arming input (8009cf94->8009c0b4). Compared ae80 >= cal WORD_ARRAY_800456dd[3]; cal = 0x00 in this image so the term is always true (inert). See 8009c0b4.,re-trace
0x80137084,tsk_pack_status_frame_5c0,FUNCTION,"Packs CAN frame 0x5C0 (TX scheduler 80106ed8:676, mask 0x4). Fields: ACC status enum afef(=d91d), a35f(=crawl-monitor d8ab telltale), a365/a362. The status-report frame -- distinct from TSK_02(0x10C, packer 80137a00). See status3_routes.md / low_speed_floors.md.",re-trace
0x801031bc,acc_crawl_to_5c0_copier,FUNCTION,Copies the 15 km/h crawl-monitor output d000d8ab -> d000a35f (the 0x5C0 telltale field). The monitor's only functional escape. See low_speed_floors.md sec.1.,re-trace
