table,record,did,length,flags,access,target,target_kind
boot/init,0x80030890,0x0405,1,0x00030f,handler(buf) emits fixed length,0x8002a372,code
boot/init,0x8003089c,0x0407,6,0x00030f,handler(buf) emits fixed length,0x8002a382,code
boot/init,0x800308a8,0x0408,6,0x00030f,handler(buf) emits fixed length,0x8002a3d0,code
boot/init,0x800308b4,0x040f,6,0x00030f,handler(buf) emits fixed length,0x8002a41e,code
boot/init,0x800308c0,0xf17c,23,0x00030f,handler(buf) emits fixed length,0x8002a46c,code
boot/init,0x800308cc,0xf186,0,0x00040f,"handler(buf,emit)->length (variable)",0x8002a796,code
boot/init,0x800308d8,0xf187,11,0x00020f,data-pointer (fixed length),0xc03fe5f4,ram
boot/init,0x800308e4,0xf189,4,0x00020f,data-pointer (fixed length),0xc03fe604,ram
boot/init,0x800308f0,0xf191,11,0x00020f,data-pointer (fixed length),0xc03fc148,ram
boot/init,0x800308fc,0xf1a3,3,0x00020f,data-pointer (fixed length),0xc03feed4,ram
boot/init,0x80030908,0xf19e,0,0x00040f,"handler(buf,emit)->length (variable)",0x8002a722,code
boot/init,0x80030914,0xf1a2,6,0x00030f,handler(buf) emits fixed length,0x8002a700,code
boot/init,0x80030920,0xf1f4,29,0x00030f,handler(buf) emits fixed length,0x8002a5b6,code
boot/init,0x8003092c,0xf1df,0,0x00040f,"handler(buf,emit)->length (variable)",0x8002a266,code
boot/init,0x80030938,0xf15b,0,0x00040f,"handler(buf,emit)->length (variable)",0x8002a122,code
boot/init,0x80030944,0xf15a,9,0x00030f,handler(buf) emits fixed length,0x8002a340,code
boot/init,0x80030950,0xf190,17,0x00020f,data-pointer (fixed length),0xc03fe5e0,ram
boot/init,0x8003095c,0xf1ab,12,0x00030f,handler(buf) emits fixed length,0x8002a098,code
app-b,0x80083ac0,0x0405,1,0x00030f,handler(buf) emits fixed length,0x8011f884,code
app-b,0x80083acc,0x0407,6,0x00030f,handler(buf) emits fixed length,0x8011f894,code
app-b,0x80083ad8,0x0408,6,0x00030f,handler(buf) emits fixed length,0x8011f8e4,code
app-b,0x80083ae4,0x040f,6,0x00030f,handler(buf) emits fixed length,0x8011f934,code
app-b,0x80083af0,0xf17c,23,0x00030f,handler(buf) emits fixed length,0x8011f984,code
app,0x80083b14,0xf189,4,0x00020f,data-pointer (fixed length),0xa0040080,cal
app,0x80083b20,0xf191,11,0x00020f,data-pointer (fixed length),0xc03fc148,ram
app,0x80083b2c,0xf1a3,3,0x00020f,data-pointer (fixed length),0xd000adac,ram
app,0x80083b38,0xf19e,0,0x00040f,"handler(buf,emit)->length (variable)",0x80120414,code
app,0x80083b44,0xf1a2,6,0x00030f,handler(buf) emits fixed length,0x801203fc,code
app,0x80083b50,0xf1f4,29,0x00030f,handler(buf) emits fixed length,0x8011fa80,code
app,0x80083b5c,0xf1df,1,0x00020f,data-pointer (fixed length),0xc03fc108,ram
app,0x80083b68,0xf15b,30,0x00030f,handler(buf) emits fixed length,0x8011f7fc,code
app,0x80083b74,0x00fd,8,0x00030f,handler(buf) emits fixed length,0x8011fed0,code
app,0x80083b80,0x00fe,8,0x00030f,handler(buf) emits fixed length,0x8011fe84,code
app,0x80083b8c,0x00ff,8,0x00030f,handler(buf) emits fixed length,0x8011fe08,code
app,0x80083b98,0x0100,1,0x00020f,data-pointer (fixed length),0xd000ad95,ram
app,0x80083ba4,0x0102,1,0x00030f,handler(buf) emits fixed length,0x80120128,code
app,0x80083bb0,0x0103,1,0x00020f,data-pointer (fixed length),0xc03fc379,ram
app,0x80083bbc,0x0104,2,0x00030f,handler(buf) emits fixed length,0x80120224,code
app,0x80083bc8,0x0106,1,0x00030f,handler(buf) emits fixed length,0x801202a8,code
app,0x80083bd4,0x0105,2,0x00030f,handler(buf) emits fixed length,0x801202d0,code
app,0x80083be0,0x0108,1,0x00030f,handler(buf) emits fixed length,0x80120314,code
app,0x80083bec,0x02a7,0,0x00040f,"handler(buf,emit)->length (variable)",0x8011ffcc,code
app,0x80083bf8,0x02a8,0,0x00040f,"handler(buf,emit)->length (variable)",0x80120064,code
app,0x80083c04,0x02e0,4,0x00030f,handler(buf) emits fixed length,0x8011fc40,code
app,0x80083c10,0x02ed,8,0x00030f,handler(buf) emits fixed length,0x8011fc64,code
app,0x80083c1c,0x02ee,10,0x00030f,handler(buf) emits fixed length,0x8011fc88,code
app,0x80083c28,0x02ef,6,0x00030f,handler(buf) emits fixed length,0x8011fcac,code
app,0x80083c34,0x02f9,5,0x00030f,handler(buf) emits fixed length,0x8011fcf4,code
app,0x80083c40,0x02ff,15,0x00030f,handler(buf) emits fixed length,0x8011fcd0,code
app,0x80083c4c,0x0310,1,0x00030f,handler(buf) emits fixed length,0x80120368,code
app,0x80083c58,0x0319,1,0x00030f,handler(buf) emits fixed length,0x8011ff4c,code
app,0x80083c64,0x04fc,3,0x00030f,handler(buf) emits fixed length,0x8011ff70,code
app,0x80083c70,0x04fe,3,0x00030f,handler(buf) emits fixed length,0x8011ff70,code
app,0x80083c7c,0x0600,0,0x00040f,"handler(buf,emit)->length (variable)",0x8011ff20,code
app,0x80083c88,0x0601,1,0x00030f,handler(buf) emits fixed length,0x8011ff3c,code
app,0x80083c94,0x0927,1,0x00030f,handler(buf) emits fixed length,0x801200f8,code
app,0x80083ca0,0x0937,1,0x00030f,handler(buf) emits fixed length,0x8011ffa8,code
app,0x80083cac,0x2001,1,0x00030f,handler(buf) emits fixed length,0x80120390,code
app,0x80083cb8,0x2096,1,0x00020f,data-pointer (fixed length),0xd00023a3,ram
app,0x80083cc4,0x444b,1,0x00030f,handler(buf) emits fixed length,0x80122510,code
app,0x80083cd0,0xf17e,8,0x00030f,handler(buf) emits fixed length,0x8011fbec,code
app,0x80083cdc,0xf181,4,0x00030f,handler(buf) emits fixed length,0x801203b4,code
measuring,0x80083d18,0xf1aa,5,0x00020f,data-pointer (fixed length),0xa00400b4,cal
measuring,0x80083d24,0xf1ab,12,0x00030f,handler(buf) emits fixed length,0x8011fb94,code
measuring,0x80083d30,0xf1ad,4,0x00020f,data-pointer (fixed length),0xd000b3c7,ram
measuring,0x80083d3c,0x20a1,1,0x00020f,data-pointer (fixed length),0xd000b329,ram
measuring,0x80083d48,0x20a2,1,0x00020f,data-pointer (fixed length),0xd000b253,ram
measuring,0x80083d54,0x20a3,1,0x00020f,data-pointer (fixed length),0xd000b25f,ram
measuring,0x80083d60,0x20a4,2,0x00010f,data-pointer (fixed length),0x8008b054,code
measuring,0x80083d6c,0x2029,2,0x00010f,data-pointer (fixed length),0x8008b05c,code
measuring,0x80083d78,0x3fc3,2,0x00010f,data-pointer (fixed length),0x8008b05c,code
measuring,0x80083d84,0x2682,1,0x00020f,data-pointer (fixed length),0xd000aff4,ram
measuring,0x80083d90,0x2981,2,0x00010f,data-pointer (fixed length),0x8008b064,code
measuring,0x80083d9c,0x2982,2,0x00010f,data-pointer (fixed length),0x8008b06c,code
measuring,0x80083da8,0x2983,2,0x00010f,data-pointer (fixed length),0x8008b074,code
measuring,0x80083db4,0x2984,2,0x00010f,data-pointer (fixed length),0x8008b07c,code
measuring,0x80083dc0,0x2985,1,0x00020f,data-pointer (fixed length),0xd000b30a,ram
measuring,0x80083dcc,0x29c8,2,0x00010f,data-pointer (fixed length),0x8008b084,code
measuring,0x80083dd8,0x29c9,2,0x00010f,data-pointer (fixed length),0x8008b08c,code
measuring,0x80083de4,0x20fe,1,0x00020f,data-pointer (fixed length),0xd000b25e,ram
measuring,0x80083df0,0x296a,1,0x00020f,data-pointer (fixed length),0xd000a1e0,ram
measuring,0x80083dfc,0x3d51,1,0x00020f,data-pointer (fixed length),0xd000af63,ram
measuring,0x80083e08,0x392a,1,0x00020f,data-pointer (fixed length),0xd000aff9,ram
measuring,0x80083e14,0x3d73,1,0x00020f,data-pointer (fixed length),0xd000afe8,ram
measuring,0x80083e20,0x3d74,1,0x00020f,data-pointer (fixed length),0xd000a36f,ram
measuring,0x80083e2c,0x3db1,1,0x00020f,data-pointer (fixed length),0xd000a36d,ram
measuring,0x80083e38,0x2069,1,0x00020f,data-pointer (fixed length),0xd000a676,ram
measuring,0x80083e44,0x206a,2,0x00010f,data-pointer (fixed length),0x8008b094,code
measuring,0x80083e50,0x20b2,2,0x00010f,data-pointer (fixed length),0x8008b09c,code
measuring,0x80083e5c,0x206b,1,0x00020f,data-pointer (fixed length),0xd000a676,ram
measuring,0x80083e68,0x206c,2,0x00010f,data-pointer (fixed length),0x8008b0a4,code
measuring,0x80083e74,0x20b4,2,0x00010f,data-pointer (fixed length),0x8008b0ac,code
measuring,0x80083e80,0x1000,1,0x00020f,data-pointer (fixed length),0xd000b4b5,ram
measuring,0x80083e8c,0x1001,1,0x00020f,data-pointer (fixed length),0xd000b4a6,ram
measuring,0x80083e98,0x1009,1,0x00020f,data-pointer (fixed length),0xd000b021,ram
measuring,0x80083ea4,0x1003,1,0x00020f,data-pointer (fixed length),0xd00080d5,ram
measuring,0x80083eb0,0x1004,1,0x00020f,data-pointer (fixed length),0xd0008125,ram
measuring,0x80083ebc,0x1005,1,0x00020f,data-pointer (fixed length),0xd0008175,ram
measuring,0x80083ec8,0x1006,1,0x00020f,data-pointer (fixed length),0xd00080d4,ram
measuring,0x80083ed4,0x1007,1,0x00020f,data-pointer (fixed length),0xd0008124,ram
measuring,0x80083ee0,0x1008,1,0x00020f,data-pointer (fixed length),0xd0008174,ram
measuring,0x80083eec,0x101d,2,0x00010f,data-pointer (fixed length),0x8008b0b4,code
measuring,0x80083ef8,0x101e,1,0x00020f,data-pointer (fixed length),0xd000b01a,ram
measuring,0x80083f04,0x1020,1,0x00020f,data-pointer (fixed length),0xd000b019,ram
measuring,0x80083f10,0x1021,2,0x00010f,data-pointer (fixed length),0x8008b0bc,code
measuring,0x80083f1c,0x1022,2,0x00010f,data-pointer (fixed length),0x8008b0c4,code
measuring,0x80083f28,0x1023,2,0x00010f,data-pointer (fixed length),0x8008b0cc,code
measuring,0x80083f34,0x1024,1,0x00020f,data-pointer (fixed length),0xd000b10a,ram
measuring,0x80083f40,0x1025,1,0x00020f,data-pointer (fixed length),0xd000b074,ram
measuring,0x80083f4c,0x1026,1,0x00020f,data-pointer (fixed length),0xd000b086,ram
measuring,0x80083f58,0x1027,1,0x00020f,data-pointer (fixed length),0xd000b076,ram
measuring,0x80083f64,0x1028,1,0x00020f,data-pointer (fixed length),0xd000b07e,ram
measuring,0x80083f70,0x1029,1,0x00020f,data-pointer (fixed length),0xd000b080,ram
measuring,0x80083f7c,0x102a,1,0x00020f,data-pointer (fixed length),0xd000b082,ram
measuring,0x80083f88,0x102c,1,0x00020f,data-pointer (fixed length),0xd000b088,ram
measuring,0x80083f94,0x102d,1,0x00020f,data-pointer (fixed length),0xd000b078,ram
measuring,0x80083fa0,0x102e,1,0x00020f,data-pointer (fixed length),0xd000b07c,ram
measuring,0x80083fac,0x102f,1,0x00020f,data-pointer (fixed length),0xd000b08a,ram
measuring,0x80083fb8,0x1030,1,0x00020f,data-pointer (fixed length),0xd000b084,ram
measuring,0x80083fc4,0x1031,1,0x00020f,data-pointer (fixed length),0xd000b08e,ram
measuring,0x80083fd0,0x1032,1,0x00020f,data-pointer (fixed length),0xd000b07a,ram
measuring,0x80083fdc,0x1033,1,0x00020f,data-pointer (fixed length),0xd000b072,ram
measuring,0x80083fe8,0x1034,1,0x00020f,data-pointer (fixed length),0xd000b070,ram
measuring,0x80083ff4,0x1035,1,0x00020f,data-pointer (fixed length),0xd000b08c,ram
measuring,0x80084000,0x1036,4,0x00010f,data-pointer (fixed length),0x8008b0d4,code
measuring,0x8008400c,0x1040,2,0x00010f,data-pointer (fixed length),0x8008b0e4,code
measuring,0x80084018,0x1041,2,0x00010f,data-pointer (fixed length),0x8008b0ec,code
measuring,0x80084024,0x1042,2,0x00010f,data-pointer (fixed length),0x8008b0f4,code
measuring,0x80084030,0x1043,2,0x00010f,data-pointer (fixed length),0x8008b0fc,code
measuring,0x8008403c,0x1044,2,0x00010f,data-pointer (fixed length),0x8008b104,code
measuring,0x80084048,0x1045,2,0x00010f,data-pointer (fixed length),0x8008b10c,code
measuring,0x80084054,0x1046,1,0x00020f,data-pointer (fixed length),0xd0007e22,ram
measuring,0x80084060,0x1047,1,0x00020f,data-pointer (fixed length),0xd0007e36,ram
measuring,0x8008406c,0x104e,2,0x00010f,data-pointer (fixed length),0x8008b114,code
measuring,0x80084078,0x104f,2,0x00010f,data-pointer (fixed length),0x8008b11c,code
measuring,0x80084084,0x1050,2,0x00010f,data-pointer (fixed length),0x8008b124,code
measuring,0x80084090,0x1051,2,0x00010f,data-pointer (fixed length),0x8008b12c,code
measuring,0x8008409c,0x1052,2,0x00010f,data-pointer (fixed length),0x8008b134,code
measuring,0x800840a8,0x1053,2,0x00010f,data-pointer (fixed length),0x8008b13c,code
measuring,0x800840b4,0x3972,1,0x00030f,handler(buf) emits fixed length,0x801224bc,code
measuring,0x800840c0,0x1055,2,0x00010f,data-pointer (fixed length),0x8008b144,code
measuring,0x800840cc,0x1057,2,0x00010f,data-pointer (fixed length),0x8008b14c,code
measuring,0x800840d8,0x1058,2,0x00010f,data-pointer (fixed length),0x8008b154,code
measuring,0x800840e4,0x1059,2,0x00010f,data-pointer (fixed length),0x8008b15c,code
measuring,0x800840f0,0x105a,2,0x00010f,data-pointer (fixed length),0x8008b164,code
measuring,0x800840fc,0x105f,1,0x00020f,data-pointer (fixed length),0xd000a699,ram
measuring,0x80084108,0x1060,1,0x00020f,data-pointer (fixed length),0xd000b252,ram
measuring,0x80084114,0x1061,2,0x00010f,data-pointer (fixed length),0x8008b16c,code
measuring,0x80084120,0x1062,1,0x00020f,data-pointer (fixed length),0xd000b251,ram
measuring,0x8008412c,0x1063,2,0x00010f,data-pointer (fixed length),0x8008b174,code
measuring,0x80084138,0x1064,2,0x00010f,data-pointer (fixed length),0x8008b17c,code
measuring,0x80084144,0x1065,1,0x00020f,data-pointer (fixed length),0xd000a69a,ram
measuring,0x80084150,0x1066,1,0x00020f,data-pointer (fixed length),0xd000a69e,ram
measuring,0x8008415c,0x1067,2,0x00010f,data-pointer (fixed length),0x8008b184,code
measuring,0x80084168,0x106e,2,0x00010f,data-pointer (fixed length),0x8008b18c,code
measuring,0x80084174,0x106f,2,0x00010f,data-pointer (fixed length),0x8008b194,code
measuring,0x80084180,0x1070,2,0x00010f,data-pointer (fixed length),0x8008b19c,code
measuring,0x8008418c,0x1071,2,0x00010f,data-pointer (fixed length),0x8008b1a4,code
measuring,0x80084198,0x1072,2,0x00010f,data-pointer (fixed length),0x8008b1ac,code
measuring,0x800841a4,0x1073,2,0x00010f,data-pointer (fixed length),0x8008b1b4,code
measuring,0x800841b0,0x1074,1,0x00020f,data-pointer (fixed length),0xd000a687,ram
measuring,0x800841bc,0x1075,2,0x00010f,data-pointer (fixed length),0x8008b1bc,code
measuring,0x800841c8,0x1090,4,0x00010f,data-pointer (fixed length),0x8008b1c4,code
measuring,0x800841d4,0x1091,1,0x00020f,data-pointer (fixed length),0xd000a5b6,ram
measuring,0x800841e0,0x1092,1,0x00020f,data-pointer (fixed length),0xd000a5b7,ram
measuring,0x800841ec,0x1096,2,0x00010f,data-pointer (fixed length),0x8008b1d4,code
measuring,0x800841f8,0x1097,2,0x00010f,data-pointer (fixed length),0x8008b1dc,code
measuring,0x80084204,0x1098,2,0x00010f,data-pointer (fixed length),0x8008b1f4,code
measuring,0x80084210,0x1099,2,0x00010f,data-pointer (fixed length),0x8008b1fc,code
measuring,0x8008421c,0x109a,2,0x00010f,data-pointer (fixed length),0x8008b204,code
measuring,0x80084228,0x109b,2,0x00010f,data-pointer (fixed length),0x8008b20c,code
measuring,0x80084234,0x109c,2,0x00010f,data-pointer (fixed length),0x8008b214,code
measuring,0x80084240,0x109d,2,0x00010f,data-pointer (fixed length),0x8008b21c,code
measuring,0x8008424c,0x109e,2,0x00010f,data-pointer (fixed length),0x8008b224,code
measuring,0x80084258,0x109f,2,0x00010f,data-pointer (fixed length),0x8008b22c,code
measuring,0x80084264,0x10a0,2,0x00010f,data-pointer (fixed length),0x8008b234,code
measuring,0x80084270,0x10a1,2,0x00010f,data-pointer (fixed length),0x8008b23c,code
measuring,0x8008427c,0x10a2,2,0x00010f,data-pointer (fixed length),0x8008b244,code
measuring,0x80084288,0x10a3,2,0x00010f,data-pointer (fixed length),0x8008b24c,code
measuring,0x80084294,0x10a4,2,0x00010f,data-pointer (fixed length),0x8008b254,code
measuring,0x800842a0,0x10a5,2,0x00010f,data-pointer (fixed length),0x8008b25c,code
measuring,0x800842ac,0x10a6,2,0x00010f,data-pointer (fixed length),0x8008b264,code
measuring,0x800842b8,0x10a7,2,0x00010f,data-pointer (fixed length),0x8008b26c,code
measuring,0x800842c4,0x10a8,2,0x00010f,data-pointer (fixed length),0x8008b1e4,code
measuring,0x800842d0,0x10a9,2,0x00010f,data-pointer (fixed length),0x8008b1ec,code
measuring,0x800842dc,0x10aa,1,0x00020f,data-pointer (fixed length),0xd0006745,ram
measuring,0x800842e8,0x10ab,1,0x00020f,data-pointer (fixed length),0xd000689d,ram
measuring,0x800842f4,0x10ac,1,0x00020f,data-pointer (fixed length),0xd0005de6,ram
measuring,0x80084300,0x10ad,1,0x00020f,data-pointer (fixed length),0xd0006162,ram
measuring,0x8008430c,0x10ae,1,0x00020f,data-pointer (fixed length),0xd0005d8f,ram
measuring,0x80084318,0x10af,1,0x00020f,data-pointer (fixed length),0xd000610b,ram
measuring,0x80084324,0x10b0,1,0x00020f,data-pointer (fixed length),0xd0006746,ram
measuring,0x80084330,0x10b1,1,0x00020f,data-pointer (fixed length),0xd000689e,ram
measuring,0x8008433c,0x10b2,1,0x00020f,data-pointer (fixed length),0xd0006770,ram
measuring,0x80084348,0x10b3,1,0x00020f,data-pointer (fixed length),0xd00068c8,ram
measuring,0x80084354,0x10b4,1,0x00020f,data-pointer (fixed length),0xd000676d,ram
measuring,0x80084360,0x10b5,1,0x00020f,data-pointer (fixed length),0xd00068c5,ram
measuring,0x8008436c,0x10b6,1,0x00020f,data-pointer (fixed length),0xd0005df4,ram
measuring,0x80084378,0x10b7,1,0x00020f,data-pointer (fixed length),0xd0006170,ram
measuring,0x80084384,0x10b8,1,0x00020f,data-pointer (fixed length),0xd0005da2,ram
measuring,0x80084390,0x10b9,1,0x00020f,data-pointer (fixed length),0xd000611e,ram
measuring,0x8008439c,0x10ba,1,0x00020f,data-pointer (fixed length),0xd000651d,ram
measuring,0x800843a8,0x10bb,1,0x00020f,data-pointer (fixed length),0xd00065e1,ram
measuring,0x800843b4,0x3fc4,2,0x00010f,data-pointer (fixed length),0x8008b274,code
measuring,0x800843c0,0x3fc5,2,0x00010f,data-pointer (fixed length),0x8008b27c,code
measuring,0x800843cc,0x3fc6,2,0x00010f,data-pointer (fixed length),0x8008b284,code
measuring,0x800843d8,0x3fc7,2,0x00010f,data-pointer (fixed length),0x8008b28c,code
measuring,0x800843e4,0x3fca,2,0x00010f,data-pointer (fixed length),0x8008b294,code
measuring,0x800843f0,0x3fcb,2,0x00010f,data-pointer (fixed length),0x8008b29c,code
measuring,0x800843fc,0x3fcc,2,0x00010f,data-pointer (fixed length),0x8008b2a4,code
measuring,0x80084408,0x3fcd,2,0x00010f,data-pointer (fixed length),0x8008b2ac,code
measuring,0x80084414,0x425c,2,0x00030f,handler(buf) emits fixed length,0x8012248c,code
measuring,0x80084420,0x425d,2,0x00030f,handler(buf) emits fixed length,0x801224e0,code
measuring,0x8008442c,0x10be,1,0x00020f,data-pointer (fixed length),0xd000aee4,ram
measuring,0x80084438,0x10bf,1,0x00020f,data-pointer (fixed length),0xd000aee5,ram
measuring,0x80084444,0x10c6,2,0x00010f,data-pointer (fixed length),0x8008b2b4,code
measuring,0x80084450,0x10c7,2,0x00010f,data-pointer (fixed length),0x8008b2bc,code
measuring,0x8008445c,0x10c8,2,0x00010f,data-pointer (fixed length),0x8008b2c4,code
measuring,0x80084468,0x10c9,2,0x00010f,data-pointer (fixed length),0x8008b2cc,code
measuring,0x80084474,0x10ca,2,0x00010f,data-pointer (fixed length),0x8008b2d4,code
measuring,0x80084480,0x10cb,2,0x00010f,data-pointer (fixed length),0x8008b2dc,code
measuring,0x8008448c,0x10cc,2,0x00010f,data-pointer (fixed length),0x8008b2e4,code
measuring,0x80084498,0x10cd,2,0x00010f,data-pointer (fixed length),0x8008b2ec,code
measuring,0x800844a4,0x10ce,4,0x00010f,data-pointer (fixed length),0x8008b2f4,code
measuring,0x800844b0,0x10cf,4,0x00010f,data-pointer (fixed length),0x8008b304,code
measuring,0x800844bc,0x10d0,4,0x00010f,data-pointer (fixed length),0x8008b314,code
measuring,0x800844c8,0x10d1,4,0x00010f,data-pointer (fixed length),0x8008b324,code
measuring,0x800844d4,0x10d2,1,0x00020f,data-pointer (fixed length),0xd000aee0,ram
measuring,0x800844e0,0x10d3,1,0x00020f,data-pointer (fixed length),0xd000aee1,ram
measuring,0x800844ec,0x10d4,1,0x00020f,data-pointer (fixed length),0xd000aee2,ram
measuring,0x800844f8,0x10d5,1,0x00020f,data-pointer (fixed length),0xd000aee3,ram
measuring,0x80084504,0x10e7,2,0x00010f,data-pointer (fixed length),0x8008b334,code
measuring,0x80084510,0x10e8,1,0x00020f,data-pointer (fixed length),0xd0009f5d,ram
measuring,0x8008451c,0x10ea,1,0x00020f,data-pointer (fixed length),0xd000a5f1,ram
measuring,0x80084528,0x10eb,1,0x00020f,data-pointer (fixed length),0xd000a5ee,ram
measuring,0x80084534,0x10ec,2,0x00010f,data-pointer (fixed length),0x8008b33c,code
measuring,0x80084540,0x10ed,2,0x00010f,data-pointer (fixed length),0x8008b344,code
measuring,0x8008454c,0x10f0,1,0x00020f,data-pointer (fixed length),0xd000a427,ram
measuring,0x80084558,0x10f1,1,0x00020f,data-pointer (fixed length),0xd000a5e1,ram
measuring,0x80084564,0x10f2,1,0x00020f,data-pointer (fixed length),0xd000a5df,ram
measuring,0x80084570,0x10f4,2,0x00010f,data-pointer (fixed length),0x8008b34c,code
measuring,0x8008457c,0x10f5,2,0x00010f,data-pointer (fixed length),0x8008b354,code
measuring,0x80084588,0x10f6,4,0x00010f,data-pointer (fixed length),0x8008b35c,code
measuring,0x80084594,0x10f7,4,0x00010f,data-pointer (fixed length),0x8008b36c,code
measuring,0x800845a0,0x10f9,1,0x00020f,data-pointer (fixed length),0xd000a5e0,ram
measuring,0x800845ac,0x40ce,2,0x00010f,data-pointer (fixed length),0x8008b37c,code
measuring,0x800845b8,0x10f3,2,0x00010f,data-pointer (fixed length),0x8008b384,code
measuring,0x800845c4,0x40d0,1,0x00020f,data-pointer (fixed length),0xd000a5e7,ram
measuring,0x800845d0,0x10ef,2,0x00010f,data-pointer (fixed length),0x8008b394,code
measuring,0x800845dc,0x10ee,2,0x00010f,data-pointer (fixed length),0x8008b38c,code
measuring,0x800845e8,0x40d3,1,0x00020f,data-pointer (fixed length),0xd000b2bc,ram
measuring,0x800845f4,0x10f8,2,0x00010f,data-pointer (fixed length),0x8008b39c,code
measuring,0x80084600,0x10e6,1,0x00020f,data-pointer (fixed length),0xd000b2bb,ram
measuring,0x8008460c,0x110e,1,0x00020f,data-pointer (fixed length),0xd000af03,ram
measuring,0x80084618,0x112c,2,0x00010f,data-pointer (fixed length),0x8008b3a4,code
measuring,0x80084624,0x112d,2,0x00010f,data-pointer (fixed length),0x8008b3ac,code
measuring,0x80084630,0x112e,2,0x00010f,data-pointer (fixed length),0x8008b3b4,code
measuring,0x8008463c,0x112f,2,0x00010f,data-pointer (fixed length),0x8008b3bc,code
measuring,0x80084648,0x1130,2,0x00010f,data-pointer (fixed length),0x8008b3c4,code
measuring,0x80084654,0x1131,2,0x00010f,data-pointer (fixed length),0x8008b3cc,code
measuring,0x80084660,0x1132,2,0x00010f,data-pointer (fixed length),0x8008b3d4,code
measuring,0x8008466c,0x1133,2,0x00010f,data-pointer (fixed length),0x8008b3dc,code
measuring,0x80084678,0x1134,2,0x00010f,data-pointer (fixed length),0x8008b3e4,code
measuring,0x80084684,0x1135,2,0x00010f,data-pointer (fixed length),0x8008b3ec,code
measuring,0x80084690,0x1136,2,0x00010f,data-pointer (fixed length),0x8008b3f4,code
measuring,0x8008469c,0x1137,2,0x00010f,data-pointer (fixed length),0x8008b3fc,code
measuring,0x800846a8,0x1138,2,0x00010f,data-pointer (fixed length),0x8008b404,code
measuring,0x800846b4,0x1139,2,0x00010f,data-pointer (fixed length),0x8008b40c,code
measuring,0x800846c0,0x113a,2,0x00010f,data-pointer (fixed length),0x8008b414,code
measuring,0x800846cc,0x113b,2,0x00010f,data-pointer (fixed length),0x8008b41c,code
measuring,0x800846d8,0x113c,2,0x00010f,data-pointer (fixed length),0x8008b424,code
measuring,0x800846e4,0x113d,2,0x00010f,data-pointer (fixed length),0x8008b42c,code
measuring,0x800846f0,0x113e,2,0x00010f,data-pointer (fixed length),0x8008b434,code
measuring,0x800846fc,0x113f,2,0x00010f,data-pointer (fixed length),0x8008b43c,code
measuring,0x80084708,0x1140,2,0x00010f,data-pointer (fixed length),0x8008b444,code
measuring,0x80084714,0x1141,2,0x00010f,data-pointer (fixed length),0x8008b44c,code
measuring,0x80084720,0x1142,2,0x00010f,data-pointer (fixed length),0x8008b454,code
measuring,0x8008472c,0x1143,2,0x00010f,data-pointer (fixed length),0x8008b45c,code
measuring,0x80084738,0x1154,2,0x00010f,data-pointer (fixed length),0x8008b464,code
measuring,0x80084744,0x1155,2,0x00010f,data-pointer (fixed length),0x8008b46c,code
measuring,0x80084750,0x117c,2,0x00010f,data-pointer (fixed length),0x8008b474,code
measuring,0x8008475c,0x117d,1,0x00020f,data-pointer (fixed length),0xd000b4f8,ram
measuring,0x80084768,0x1185,1,0x00020f,data-pointer (fixed length),0xd0006a98,ram
measuring,0x80084774,0x1186,1,0x00020f,data-pointer (fixed length),0xd0006ab4,ram
measuring,0x80084780,0x1182,1,0x00020f,data-pointer (fixed length),0xd000ad2d,ram
measuring,0x8008478c,0x117e,2,0x00010f,data-pointer (fixed length),0x8008b48c,code
measuring,0x80084798,0x117f,2,0x00010f,data-pointer (fixed length),0x8008b494,code
measuring,0x800847a4,0x1180,2,0x00010f,data-pointer (fixed length),0x8008b49c,code
measuring,0x800847b0,0x1181,2,0x00010f,data-pointer (fixed length),0x8008b4a4,code
measuring,0x800847bc,0x1187,1,0x00020f,data-pointer (fixed length),0xd000b4f9,ram
measuring,0x800847c8,0x1188,1,0x00020f,data-pointer (fixed length),0xd000b4fb,ram
measuring,0x800847d4,0x11a4,1,0x00020f,data-pointer (fixed length),0xd000a6f3,ram
measuring,0x800847e0,0x11a5,1,0x00020f,data-pointer (fixed length),0xd000a6eb,ram
measuring,0x800847ec,0x11a6,1,0x00020f,data-pointer (fixed length),0xd000a6ff,ram
measuring,0x800847f8,0x11a7,1,0x00020f,data-pointer (fixed length),0xd000a700,ram
measuring,0x80084804,0x11a8,2,0x00010f,data-pointer (fixed length),0x8008b4ac,code
measuring,0x80084810,0x11a9,1,0x00020f,data-pointer (fixed length),0xd000a708,ram
measuring,0x8008481c,0x11aa,1,0x00020f,data-pointer (fixed length),0xd000a709,ram
measuring,0x80084828,0x392d,1,0x00020f,data-pointer (fixed length),0xd000b32f,ram
measuring,0x80084834,0x392e,1,0x00020f,data-pointer (fixed length),0xd000b330,ram
measuring,0x80084840,0x392f,1,0x00020f,data-pointer (fixed length),0xd000afef,ram
measuring,0x8008484c,0x3930,2,0x00010f,data-pointer (fixed length),0x8008b4b4,code
measuring,0x80084858,0x3931,2,0x00010f,data-pointer (fixed length),0x8008b4bc,code
measuring,0x80084864,0x3932,2,0x00010f,data-pointer (fixed length),0x8008b4c4,code
measuring,0x80084870,0x3933,1,0x00020f,data-pointer (fixed length),0xd000b270,ram
measuring,0x8008487c,0x11ab,2,0x00010f,data-pointer (fixed length),0x8008b4cc,code
measuring,0x80084888,0x4149,2,0x00010f,data-pointer (fixed length),0x8008b4cc,code
measuring,0x80084894,0x11ac,2,0x00010f,data-pointer (fixed length),0x8008b4d4,code
measuring,0x800848a0,0x414a,2,0x00010f,data-pointer (fixed length),0x8008b4d4,code
measuring,0x800848ac,0x11ad,2,0x00010f,data-pointer (fixed length),0x8008b4dc,code
measuring,0x800848b8,0x414b,2,0x00010f,data-pointer (fixed length),0x8008b4dc,code
measuring,0x800848c4,0x11ae,2,0x00010f,data-pointer (fixed length),0x8008b4e4,code
measuring,0x800848d0,0x4164,2,0x00010f,data-pointer (fixed length),0x8008b4e4,code
measuring,0x800848dc,0x11c7,1,0x00020f,data-pointer (fixed length),0xd000e243,ram
measuring,0x800848e8,0x11c8,1,0x00020f,data-pointer (fixed length),0xd000affb,ram
measuring,0x800848f4,0x11c9,2,0x00010f,data-pointer (fixed length),0x8008b4fc,code
measuring,0x80084900,0x11ca,1,0x00020f,data-pointer (fixed length),0xd000a183,ram
measuring,0x8008490c,0x11cb,1,0x00020f,data-pointer (fixed length),0xd000a74a,ram
measuring,0x80084918,0x11cc,1,0x00020f,data-pointer (fixed length),0xd000af10,ram
measuring,0x80084924,0x11cd,1,0x00020f,data-pointer (fixed length),0xd000af11,ram
measuring,0x80084930,0x11ce,2,0x00010f,data-pointer (fixed length),0x8008b4ec,code
measuring,0x8008493c,0x11cf,1,0x00020f,data-pointer (fixed length),0xd000af21,ram
measuring,0x80084948,0x11d0,1,0x00020f,data-pointer (fixed length),0xd000af22,ram
measuring,0x80084954,0x11d1,1,0x00020f,data-pointer (fixed length),0xd000af2a,ram
measuring,0x80084960,0x11d2,1,0x00020f,data-pointer (fixed length),0xd000af2b,ram
measuring,0x8008496c,0x11d3,1,0x00020f,data-pointer (fixed length),0xd000af2c,ram
measuring,0x80084978,0x11d4,1,0x00020f,data-pointer (fixed length),0xd0001bdb,ram
measuring,0x80084984,0x11d5,1,0x00020f,data-pointer (fixed length),0xd0001bdc,ram
measuring,0x80084990,0x11d6,2,0x00010f,data-pointer (fixed length),0x8008b4f4,code
measuring,0x8008499c,0x11d7,1,0x00020f,data-pointer (fixed length),0xd000af32,ram
measuring,0x800849a8,0x11d8,1,0x00020f,data-pointer (fixed length),0xd000b61a,ram
measuring,0x800849b4,0x11d9,1,0x00020f,data-pointer (fixed length),0xd000b61b,ram
measuring,0x800849c0,0x11da,1,0x00020f,data-pointer (fixed length),0xd000b61c,ram
measuring,0x800849cc,0x11db,1,0x00020f,data-pointer (fixed length),0xd000b62e,ram
measuring,0x800849d8,0x11dc,1,0x00020f,data-pointer (fixed length),0xd000b5f2,ram
measuring,0x800849e4,0x11dd,1,0x00020f,data-pointer (fixed length),0xd000b5ef,ram
measuring,0x800849f0,0x11de,1,0x00020f,data-pointer (fixed length),0xd000b622,ram
measuring,0x800849fc,0x11df,1,0x00020f,data-pointer (fixed length),0xd000b5ee,ram
measuring,0x80084a08,0x11e0,1,0x00020f,data-pointer (fixed length),0xd000b573,ram
measuring,0x80084a14,0x11e1,1,0x00020f,data-pointer (fixed length),0xd000b572,ram
measuring,0x80084a20,0x11e2,1,0x00020f,data-pointer (fixed length),0xd000b3ed,ram
measuring,0x80084a2c,0x11e3,1,0x00020f,data-pointer (fixed length),0xd000b3ee,ram
measuring,0x80084a38,0x11e4,1,0x00020f,data-pointer (fixed length),0xd000b3ef,ram
measuring,0x80084a44,0x11e5,1,0x00020f,data-pointer (fixed length),0xd000b3f0,ram
measuring,0x80084a50,0x11e6,1,0x00020f,data-pointer (fixed length),0xd000b3f1,ram
measuring,0x80084a5c,0x11e7,1,0x00020f,data-pointer (fixed length),0xd000b3f2,ram
measuring,0x80084a68,0x11e8,1,0x00020f,data-pointer (fixed length),0xd000b3e7,ram
measuring,0x80084a74,0x11e9,1,0x00020f,data-pointer (fixed length),0xd000b3e8,ram
measuring,0x80084a80,0x11ea,1,0x00020f,data-pointer (fixed length),0xd000b3e9,ram
measuring,0x80084a8c,0x11eb,1,0x00020f,data-pointer (fixed length),0xd000b3ea,ram
measuring,0x80084a98,0x11ec,1,0x00020f,data-pointer (fixed length),0xd000b3eb,ram
measuring,0x80084aa4,0x11ed,1,0x00020f,data-pointer (fixed length),0xd000b3ec,ram
measuring,0x80084ab0,0x11ee,1,0x00020f,data-pointer (fixed length),0xd000b3f3,ram
measuring,0x80084abc,0x11ef,1,0x00020f,data-pointer (fixed length),0xd000b584,ram
measuring,0x80084ac8,0x13b0,1,0x00020f,data-pointer (fixed length),0xd000b5e6,ram
measuring,0x80084ad4,0x13b1,1,0x00020f,data-pointer (fixed length),0xd000b5e7,ram
measuring,0x80084ae0,0x13b2,1,0x00020f,data-pointer (fixed length),0xd000b5e8,ram
measuring,0x80084aec,0x13b3,1,0x00020f,data-pointer (fixed length),0xd000b5e9,ram
measuring,0x80084af8,0x13b4,1,0x00020f,data-pointer (fixed length),0xd000b5ea,ram
measuring,0x80084b04,0x13b5,1,0x00020f,data-pointer (fixed length),0xd000b5eb,ram
measuring,0x80084b10,0x11f2,1,0x00020f,data-pointer (fixed length),0xd000b5ec,ram
measuring,0x80084b1c,0x11f3,1,0x00020f,data-pointer (fixed length),0xd000b5ed,ram
measuring,0x80084b28,0x11f4,0,0x00040f,"handler(buf,emit)->length (variable)",0x80122350,code
measuring,0x80084b34,0x11f5,0,0x00040f,"handler(buf,emit)->length (variable)",0x8012236c,code
measuring,0x80084b40,0x11f6,0,0x00040f,"handler(buf,emit)->length (variable)",0x80122388,code
measuring,0x80084b4c,0x11f7,0,0x00040f,"handler(buf,emit)->length (variable)",0x801223a4,code
measuring,0x80084b58,0x11f8,0,0x00040f,"handler(buf,emit)->length (variable)",0x801223c0,code
measuring,0x80084b64,0x11f9,0,0x00040f,"handler(buf,emit)->length (variable)",0x801223dc,code
measuring,0x80084b70,0x11fa,0,0x00040f,"handler(buf,emit)->length (variable)",0x801223f8,code
measuring,0x80084b7c,0x11fb,0,0x00040f,"handler(buf,emit)->length (variable)",0x80122414,code
measuring,0x80084b88,0x11fc,0,0x00040f,"handler(buf,emit)->length (variable)",0x80122430,code
measuring,0x80084b94,0x11fd,0,0x00040f,"handler(buf,emit)->length (variable)",0x8012244c,code
measuring,0x80084ba0,0x11fe,2,0x00010f,data-pointer (fixed length),0x8008b504,code
measuring,0x80084bac,0x11ff,2,0x00010f,data-pointer (fixed length),0x8008b50c,code
measuring,0x80084bb8,0x1200,1,0x00020f,data-pointer (fixed length),0xd000afbe,ram
measuring,0x80084bc4,0x1201,2,0x00010f,data-pointer (fixed length),0x8008b514,code
measuring,0x80084bd0,0x1202,2,0x00010f,data-pointer (fixed length),0x8008b51c,code
measuring,0x80084bdc,0x1203,1,0x00020f,data-pointer (fixed length),0xd000b616,ram
measuring,0x80084be8,0x1204,1,0x00020f,data-pointer (fixed length),0xd000b617,ram
measuring,0x80084bf4,0x1205,1,0x00020f,data-pointer (fixed length),0xd000b5f5,ram
measuring,0x80084c00,0x1206,1,0x00020f,data-pointer (fixed length),0xd000b634,ram
measuring,0x80084c0c,0x1207,1,0x00020f,data-pointer (fixed length),0xd000b635,ram
measuring,0x80084c18,0x1208,1,0x00020f,data-pointer (fixed length),0xd000b632,ram
measuring,0x80084c24,0x1209,1,0x00020f,data-pointer (fixed length),0xd000b633,ram
measuring,0x80084c30,0x120a,1,0x00020f,data-pointer (fixed length),0xd000b628,ram
measuring,0x80084c3c,0x120b,1,0x00020f,data-pointer (fixed length),0xd000b629,ram
measuring,0x80084c48,0x120c,1,0x00020f,data-pointer (fixed length),0xd000b63a,ram
measuring,0x80084c54,0x120d,1,0x00020f,data-pointer (fixed length),0xd000b63b,ram
measuring,0x80084c60,0x120e,1,0x00020f,data-pointer (fixed length),0xd000b636,ram
measuring,0x80084c6c,0x120f,1,0x00020f,data-pointer (fixed length),0xd000b637,ram
measuring,0x80084c78,0x1210,1,0x00020f,data-pointer (fixed length),0xd000b62f,ram
measuring,0x80084c84,0x1211,1,0x00020f,data-pointer (fixed length),0xd000b630,ram
measuring,0x80084c90,0x1212,1,0x00020f,data-pointer (fixed length),0xd000b631,ram
measuring,0x80084c9c,0x1213,1,0x00020f,data-pointer (fixed length),0xd000b581,ram
measuring,0x80084ca8,0x1214,1,0x00020f,data-pointer (fixed length),0xd000b582,ram
measuring,0x80084cb4,0x1215,1,0x00020f,data-pointer (fixed length),0xd000b57f,ram
measuring,0x80084cc0,0x1216,1,0x00020f,data-pointer (fixed length),0xd000b580,ram
measuring,0x80084ccc,0x1217,1,0x00020f,data-pointer (fixed length),0xd000b586,ram
measuring,0x80084cd8,0x1218,1,0x00020f,data-pointer (fixed length),0xd000b587,ram
measuring,0x80084ce4,0x1219,1,0x00020f,data-pointer (fixed length),0xd000b583,ram
measuring,0x80084cf0,0x121a,1,0x00020f,data-pointer (fixed length),0xd000b585,ram
measuring,0x80084cfc,0x126a,1,0x00020f,data-pointer (fixed length),0xd000b623,ram
measuring,0x80084d08,0x1269,1,0x00020f,data-pointer (fixed length),0xd000b624,ram
measuring,0x80084d14,0x1268,1,0x00020f,data-pointer (fixed length),0xd000b638,ram
measuring,0x80084d20,0x1267,1,0x00020f,data-pointer (fixed length),0xd000b639,ram
measuring,0x80084d2c,0x1266,1,0x00020f,data-pointer (fixed length),0xd000b5f6,ram
measuring,0x80084d38,0x1265,1,0x00020f,data-pointer (fixed length),0xd000b5f7,ram
measuring,0x80084d44,0x121c,4,0x00010f,data-pointer (fixed length),0x8008b524,code
measuring,0x80084d50,0x121d,1,0x00030f,handler(buf) emits fixed length,0x80120590,code
measuring,0x80084d5c,0x121e,2,0x00010f,data-pointer (fixed length),0x8008b534,code
measuring,0x80084d68,0x121f,2,0x00010f,data-pointer (fixed length),0x8008b53c,code
measuring,0x80084d74,0x1220,2,0x00010f,data-pointer (fixed length),0x8008b544,code
measuring,0x80084d80,0x1221,2,0x00010f,data-pointer (fixed length),0x8008b54c,code
measuring,0x80084d8c,0x1222,2,0x00010f,data-pointer (fixed length),0x8008b554,code
measuring,0x80084d98,0x1223,2,0x00010f,data-pointer (fixed length),0x8008b55c,code
measuring,0x80084da4,0x1244,1,0x00020f,data-pointer (fixed length),0xd000b64e,ram
measuring,0x80084db0,0x1245,2,0x00010f,data-pointer (fixed length),0x8008b564,code
measuring,0x80084dbc,0x1246,2,0x00010f,data-pointer (fixed length),0x8008b56c,code
measuring,0x80084dc8,0x1247,2,0x00010f,data-pointer (fixed length),0x8008b574,code
measuring,0x80084dd4,0x126c,1,0x00020f,data-pointer (fixed length),0xd000af5b,ram
measuring,0x80084de0,0x126d,1,0x00020f,data-pointer (fixed length),0xd000af52,ram
measuring,0x80084dec,0x126e,1,0x00020f,data-pointer (fixed length),0xd000af50,ram
measuring,0x80084df8,0x126f,1,0x00020f,data-pointer (fixed length),0xd000af3c,ram
measuring,0x80084e04,0x1270,1,0x00020f,data-pointer (fixed length),0xd000af3d,ram
measuring,0x80084e10,0x1271,2,0x00010f,data-pointer (fixed length),0x8008b57c,code
measuring,0x80084e1c,0x1272,2,0x00010f,data-pointer (fixed length),0x8008b584,code
measuring,0x80084e28,0x1273,1,0x00020f,data-pointer (fixed length),0xd000af44,ram
measuring,0x80084e34,0x1274,1,0x00020f,data-pointer (fixed length),0xd000af45,ram
measuring,0x80084e40,0x1275,2,0x00010f,data-pointer (fixed length),0x8008b58c,code
measuring,0x80084e4c,0x1276,1,0x00020f,data-pointer (fixed length),0xd000b60e,ram
measuring,0x80084e58,0x1277,1,0x00020f,data-pointer (fixed length),0xd000b60f,ram
measuring,0x80084e64,0x1278,1,0x00020f,data-pointer (fixed length),0xd000b574,ram
measuring,0x80084e70,0x1279,1,0x00020f,data-pointer (fixed length),0xd000b578,ram
measuring,0x80084e7c,0x1294,2,0x00010f,data-pointer (fixed length),0x8008b594,code
measuring,0x80084e88,0x1295,2,0x00010f,data-pointer (fixed length),0x8008b59c,code
measuring,0x80084e94,0x1296,2,0x00010f,data-pointer (fixed length),0x8008b5a4,code
measuring,0x80084ea0,0x1297,2,0x00010f,data-pointer (fixed length),0x8008b5ac,code
measuring,0x80084eac,0x1298,2,0x00010f,data-pointer (fixed length),0x8008b5b4,code
measuring,0x80084eb8,0x1299,2,0x00010f,data-pointer (fixed length),0x8008b5bc,code
measuring,0x80084ec4,0x129a,2,0x00010f,data-pointer (fixed length),0x8008b5c4,code
measuring,0x80084ed0,0x129b,2,0x00010f,data-pointer (fixed length),0x8008b5cc,code
measuring,0x80084edc,0x12bc,2,0x00010f,data-pointer (fixed length),0x8008b5d4,code
measuring,0x80084ee8,0x12bd,2,0x00010f,data-pointer (fixed length),0x8008b5dc,code
measuring,0x80084ef4,0x12e4,2,0x00010f,data-pointer (fixed length),0x8008b5e4,code
measuring,0x80084f00,0x12e5,1,0x00020f,data-pointer (fixed length),0xd000b691,ram
measuring,0x80084f0c,0x12e6,1,0x00020f,data-pointer (fixed length),0xd000b692,ram
measuring,0x80084f18,0x12e7,1,0x00020f,data-pointer (fixed length),0xd000b693,ram
measuring,0x80084f24,0x130c,2,0x00010f,data-pointer (fixed length),0x8008b5ec,code
measuring,0x80084f30,0x130d,2,0x00010f,data-pointer (fixed length),0x8008b5f4,code
measuring,0x80084f3c,0x130e,2,0x00010f,data-pointer (fixed length),0x8008b5fc,code
measuring,0x80084f48,0x130f,2,0x00010f,data-pointer (fixed length),0x8008b604,code
measuring,0x80084f54,0x1310,2,0x00010f,data-pointer (fixed length),0x8008b60c,code
measuring,0x80084f60,0x1311,2,0x00010f,data-pointer (fixed length),0x8008b614,code
measuring,0x80084f6c,0x1312,2,0x00010f,data-pointer (fixed length),0x8008b61c,code
measuring,0x80084f78,0x1313,1,0x00020f,data-pointer (fixed length),0xd000b2d4,ram
measuring,0x80084f84,0x1314,2,0x00010f,data-pointer (fixed length),0x8008b624,code
measuring,0x80084f90,0x1315,2,0x00010f,data-pointer (fixed length),0x8008b62c,code
measuring,0x80084f9c,0x1316,2,0x00010f,data-pointer (fixed length),0x8008b634,code
measuring,0x80084fa8,0x1317,1,0x00020f,data-pointer (fixed length),0xd000af26,ram
measuring,0x80084fb4,0x1318,1,0x00020f,data-pointer (fixed length),0xd000af36,ram
measuring,0x80084fc0,0x1319,2,0x00010f,data-pointer (fixed length),0x8008b63c,code
measuring,0x80084fcc,0x131a,2,0x00010f,data-pointer (fixed length),0x8008b644,code
measuring,0x80084fd8,0x131b,2,0x00010f,data-pointer (fixed length),0x8008b64c,code
measuring,0x80084fe4,0x131c,2,0x00010f,data-pointer (fixed length),0x8008b654,code
measuring,0x80084ff0,0x131d,1,0x00020f,data-pointer (fixed length),0xd000a5bc,ram
measuring,0x80084ffc,0x131e,2,0x00010f,data-pointer (fixed length),0x8008b65c,code
measuring,0x80085008,0x131f,2,0x00010f,data-pointer (fixed length),0x8008b664,code
measuring,0x80085014,0x1320,2,0x00010f,data-pointer (fixed length),0x8008b66c,code
measuring,0x80085020,0x1321,2,0x00010f,data-pointer (fixed length),0x8008b674,code
measuring,0x8008502c,0x1322,2,0x00010f,data-pointer (fixed length),0x8008b67c,code
measuring,0x80085038,0x1323,2,0x00010f,data-pointer (fixed length),0x8008b684,code
measuring,0x80085044,0x1324,2,0x00010f,data-pointer (fixed length),0x8008b68c,code
measuring,0x80085050,0x1325,2,0x00010f,data-pointer (fixed length),0x8008b694,code
measuring,0x8008505c,0x1326,2,0x00010f,data-pointer (fixed length),0x8008b69c,code
measuring,0x80085068,0x1327,2,0x00010f,data-pointer (fixed length),0x8008b6a4,code
measuring,0x80085074,0x1328,2,0x00010f,data-pointer (fixed length),0x8008b6ac,code
measuring,0x80085080,0x1329,2,0x00010f,data-pointer (fixed length),0x8008b6b4,code
measuring,0x8008508c,0x132b,1,0x00020f,data-pointer (fixed length),0xd000a63e,ram
measuring,0x80085098,0x132c,2,0x00010f,data-pointer (fixed length),0x8008b6bc,code
measuring,0x800850a4,0x133e,1,0x00020f,data-pointer (fixed length),0xd000a7c4,ram
measuring,0x800850b0,0x1353,1,0x00020f,data-pointer (fixed length),0xd000b63c,ram
measuring,0x800850bc,0x1354,1,0x00020f,data-pointer (fixed length),0xd000b63d,ram
measuring,0x800850c8,0x1355,1,0x00020f,data-pointer (fixed length),0xd000b63e,ram
measuring,0x800850d4,0x1356,1,0x00020f,data-pointer (fixed length),0xd000b63f,ram
measuring,0x800850e0,0x1357,1,0x00020f,data-pointer (fixed length),0xd000b614,ram
measuring,0x800850ec,0x1358,1,0x00020f,data-pointer (fixed length),0xd000b613,ram
measuring,0x800850f8,0x1359,1,0x00020f,data-pointer (fixed length),0xd000b612,ram
measuring,0x80085104,0x135a,1,0x00020f,data-pointer (fixed length),0xd000b611,ram
measuring,0x80085110,0x135b,1,0x00020f,data-pointer (fixed length),0xd000b610,ram
measuring,0x8008511c,0x1350,1,0x00020f,data-pointer (fixed length),0xd000b5f0,ram
measuring,0x80085128,0x1351,1,0x00020f,data-pointer (fixed length),0xd000b62c,ram
measuring,0x80085134,0x1352,1,0x00020f,data-pointer (fixed length),0xd000b62d,ram
measuring,0x80085140,0x135c,2,0x00010f,data-pointer (fixed length),0x8008b6c4,code
measuring,0x8008514c,0x135d,1,0x00020f,data-pointer (fixed length),0xd0009f29,ram
measuring,0x80085158,0x135e,1,0x00020f,data-pointer (fixed length),0xd0009f2d,ram
measuring,0x80085164,0x135f,1,0x00020f,data-pointer (fixed length),0xd0009f27,ram
measuring,0x80085170,0x137a,1,0x00020f,data-pointer (fixed length),0xd000af9b,ram
measuring,0x8008517c,0x138a,1,0x00020f,data-pointer (fixed length),0xd000b765,ram
measuring,0x80085188,0x138b,1,0x00020f,data-pointer (fixed length),0xd000b766,ram
measuring,0x80085194,0x138c,1,0x00020f,data-pointer (fixed length),0xd000b767,ram
measuring,0x800851a0,0x138d,1,0x00020f,data-pointer (fixed length),0xd000b768,ram
measuring,0x800851ac,0x138e,1,0x00020f,data-pointer (fixed length),0xd000b769,ram
measuring,0x800851b8,0x138f,1,0x00020f,data-pointer (fixed length),0xd000b76a,ram
measuring,0x800851c4,0x13a0,1,0x00020f,data-pointer (fixed length),0xd000ac6e,ram
measuring,0x800851d0,0x13a1,1,0x00020f,data-pointer (fixed length),0xd000b759,ram
measuring,0x800851dc,0x13a2,1,0x00020f,data-pointer (fixed length),0xd000ac74,ram
measuring,0x800851e8,0x13a3,2,0x00010f,data-pointer (fixed length),0x8008b6cc,code
measuring,0x800851f4,0x13a4,2,0x00010f,data-pointer (fixed length),0x8008b6d4,code
measuring,0x80085200,0x13a5,2,0x00010f,data-pointer (fixed length),0x8008b6dc,code
measuring,0x8008520c,0x13a6,2,0x00010f,data-pointer (fixed length),0x8008b6e4,code
measuring,0x80085218,0x13a7,2,0x00010f,data-pointer (fixed length),0x8008b6ec,code
measuring,0x80085224,0x13a8,2,0x00010f,data-pointer (fixed length),0x8008b6f4,code
measuring,0x80085230,0x13a9,2,0x00010f,data-pointer (fixed length),0x8008b6fc,code
measuring,0x8008523c,0x13aa,2,0x00010f,data-pointer (fixed length),0x8008b704,code
measuring,0x80085248,0x13ab,2,0x00010f,data-pointer (fixed length),0x8008b70c,code
measuring,0x80085254,0x13ac,2,0x00010f,data-pointer (fixed length),0x8008b714,code
measuring,0x80085260,0x13ad,2,0x00010f,data-pointer (fixed length),0x8008b71c,code
measuring,0x8008526c,0x13ae,2,0x00010f,data-pointer (fixed length),0x8008b724,code
measuring,0x80085278,0x13ca,2,0x00010f,data-pointer (fixed length),0x8008b72c,code
measuring,0x80085284,0x13cb,2,0x00010f,data-pointer (fixed length),0x8008b734,code
measuring,0x80085290,0x13cc,2,0x00010f,data-pointer (fixed length),0x8008b73c,code
measuring,0x8008529c,0x13cd,2,0x00010f,data-pointer (fixed length),0x8008b744,code
measuring,0x800852a8,0x13ce,2,0x00010f,data-pointer (fixed length),0x8008b74c,code
measuring,0x800852b4,0x13cf,2,0x00010f,data-pointer (fixed length),0x8008b754,code
measuring,0x800852c0,0x13d0,2,0x00010f,data-pointer (fixed length),0x8008b75c,code
measuring,0x800852cc,0x13d1,2,0x00010f,data-pointer (fixed length),0x8008b764,code
measuring,0x800852d8,0x13d3,2,0x00010f,data-pointer (fixed length),0x8008b76c,code
measuring,0x800852e4,0x13d4,2,0x00010f,data-pointer (fixed length),0x8008b774,code
measuring,0x800852f0,0x13dc,2,0x00010f,data-pointer (fixed length),0x8008b77c,code
measuring,0x800852fc,0x13dd,2,0x00010f,data-pointer (fixed length),0x8008b784,code
measuring,0x80085308,0x13de,2,0x00010f,data-pointer (fixed length),0x8008b78c,code
measuring,0x80085314,0x13df,2,0x00010f,data-pointer (fixed length),0x8008b7bc,code
measuring,0x80085320,0x13e0,2,0x00010f,data-pointer (fixed length),0x8008b7c4,code
measuring,0x8008532c,0x13e1,2,0x00010f,data-pointer (fixed length),0x8008b794,code
measuring,0x80085338,0x13e2,2,0x00010f,data-pointer (fixed length),0x8008b79c,code
measuring,0x80085344,0x13e3,1,0x00020f,data-pointer (fixed length),0xd000b60d,ram
measuring,0x80085350,0x13e4,1,0x00020f,data-pointer (fixed length),0xd000b5f3,ram
measuring,0x8008535c,0x13e5,1,0x00020f,data-pointer (fixed length),0xd000b5f4,ram
measuring,0x80085368,0x13e6,2,0x00010f,data-pointer (fixed length),0x8008b7a4,code
measuring,0x80085374,0x13e7,2,0x00010f,data-pointer (fixed length),0x8008b7ac,code
measuring,0x80085380,0x13e8,2,0x00010f,data-pointer (fixed length),0x8008b7b4,code
measuring,0x8008538c,0x13e9,1,0x00020f,data-pointer (fixed length),0xd000b0f5,ram
measuring,0x80085398,0x13f2,1,0x00020f,data-pointer (fixed length),0xd000b791,ram
measuring,0x800853a4,0x13f3,1,0x00020f,data-pointer (fixed length),0xd000b792,ram
measuring,0x800853b0,0x13f4,1,0x00020f,data-pointer (fixed length),0xd000b793,ram
measuring,0x800853bc,0x13f5,1,0x00020f,data-pointer (fixed length),0xd000b794,ram
measuring,0x800853c8,0x13f6,1,0x00020f,data-pointer (fixed length),0xd000b795,ram
measuring,0x800853d4,0x13f7,1,0x00020f,data-pointer (fixed length),0xd000b796,ram
measuring,0x800853e0,0x13f8,2,0x00010f,data-pointer (fixed length),0x8008b7cc,code
measuring,0x800853ec,0x13f9,2,0x00010f,data-pointer (fixed length),0x8008b7d4,code
measuring,0x800853f8,0x13fa,2,0x00010f,data-pointer (fixed length),0x8008b7dc,code
measuring,0x80085404,0x13fb,2,0x00010f,data-pointer (fixed length),0x8008b7e4,code
measuring,0x80085410,0x13fc,2,0x00010f,data-pointer (fixed length),0x8008b7ec,code
measuring,0x8008541c,0x13fd,2,0x00010f,data-pointer (fixed length),0x8008b7f4,code
measuring,0x80085428,0x141a,2,0x00010f,data-pointer (fixed length),0x8008b7fc,code
measuring,0x80085434,0x141b,2,0x00010f,data-pointer (fixed length),0x8008b804,code
measuring,0x80085440,0x141c,2,0x00010f,data-pointer (fixed length),0x8008b80c,code
measuring,0x8008544c,0x141d,2,0x00010f,data-pointer (fixed length),0x8008b814,code
measuring,0x80085458,0x141e,2,0x00010f,data-pointer (fixed length),0x8008b81c,code
measuring,0x80085464,0x141f,2,0x00010f,data-pointer (fixed length),0x8008b824,code
measuring,0x80085470,0x1420,2,0x00010f,data-pointer (fixed length),0x8008b82c,code
measuring,0x8008547c,0x1421,2,0x00010f,data-pointer (fixed length),0x8008b834,code
measuring,0x80085488,0x1422,2,0x00010f,data-pointer (fixed length),0x8008b83c,code
measuring,0x80085494,0x1423,2,0x00010f,data-pointer (fixed length),0x8008b844,code
measuring,0x800854a0,0x1424,2,0x00010f,data-pointer (fixed length),0x8008b84c,code
measuring,0x800854ac,0x1425,2,0x00010f,data-pointer (fixed length),0x8008b854,code
measuring,0x800854b8,0x1426,2,0x00010f,data-pointer (fixed length),0x8008b85c,code
measuring,0x800854c4,0x1427,2,0x00010f,data-pointer (fixed length),0x8008b864,code
measuring,0x800854d0,0x1428,2,0x00010f,data-pointer (fixed length),0x8008b86c,code
measuring,0x800854dc,0x1429,2,0x00010f,data-pointer (fixed length),0x8008b874,code
measuring,0x800854e8,0x142a,2,0x00010f,data-pointer (fixed length),0x8008b87c,code
measuring,0x800854f4,0x142b,2,0x00010f,data-pointer (fixed length),0x8008b884,code
measuring,0x80085500,0x142c,2,0x00010f,data-pointer (fixed length),0x8008b88c,code
measuring,0x8008550c,0x142d,2,0x00010f,data-pointer (fixed length),0x8008b894,code
measuring,0x80085518,0x142e,2,0x00010f,data-pointer (fixed length),0x8008b89c,code
measuring,0x80085524,0x142f,2,0x00010f,data-pointer (fixed length),0x8008b8a4,code
measuring,0x80085530,0x1430,2,0x00010f,data-pointer (fixed length),0x8008b8ac,code
measuring,0x8008553c,0x1431,2,0x00010f,data-pointer (fixed length),0x8008b8b4,code
measuring,0x80085548,0x1432,1,0x00020f,data-pointer (fixed length),0xd000679e,ram
measuring,0x80085554,0x1433,1,0x00020f,data-pointer (fixed length),0xd00068f6,ram
measuring,0x80085560,0x1434,1,0x00020f,data-pointer (fixed length),0xd000679f,ram
measuring,0x8008556c,0x1435,1,0x00020f,data-pointer (fixed length),0xd00068f7,ram
measuring,0x80085578,0x1436,1,0x00020f,data-pointer (fixed length),0xd00067a0,ram
measuring,0x80085584,0x1437,1,0x00020f,data-pointer (fixed length),0xd00068f8,ram
measuring,0x80085590,0x1438,1,0x00020f,data-pointer (fixed length),0xd00067a1,ram
measuring,0x8008559c,0x1439,1,0x00020f,data-pointer (fixed length),0xd00068f9,ram
measuring,0x800855a8,0x143a,1,0x00020f,data-pointer (fixed length),0xd00067a2,ram
measuring,0x800855b4,0x143b,1,0x00020f,data-pointer (fixed length),0xd00068fa,ram
measuring,0x800855c0,0x143c,1,0x00020f,data-pointer (fixed length),0xd00067a3,ram
measuring,0x800855cc,0x143d,1,0x00020f,data-pointer (fixed length),0xd00068fb,ram
measuring,0x800855d8,0x143e,1,0x00020f,data-pointer (fixed length),0xd00067a4,ram
measuring,0x800855e4,0x143f,1,0x00020f,data-pointer (fixed length),0xd00068fc,ram
measuring,0x800855f0,0x1440,2,0x00010f,data-pointer (fixed length),0x8008b8bc,code
measuring,0x800855fc,0x1441,2,0x00010f,data-pointer (fixed length),0x8008b8c4,code
measuring,0x80085608,0x1442,2,0x00010f,data-pointer (fixed length),0x8008b8cc,code
measuring,0x80085614,0x1443,2,0x00010f,data-pointer (fixed length),0x8008b8d4,code
measuring,0x80085620,0x1444,2,0x00010f,data-pointer (fixed length),0x8008b8dc,code
measuring,0x8008562c,0x1445,2,0x00010f,data-pointer (fixed length),0x8008b8e4,code
measuring,0x80085638,0x1446,2,0x00010f,data-pointer (fixed length),0x8008b8ec,code
measuring,0x80085644,0x1447,2,0x00010f,data-pointer (fixed length),0x8008b8f4,code
measuring,0x80085650,0x1448,2,0x00010f,data-pointer (fixed length),0x8008b8fc,code
measuring,0x8008565c,0x1449,2,0x00010f,data-pointer (fixed length),0x8008b904,code
measuring,0x80085668,0x1456,2,0x00010f,data-pointer (fixed length),0x8008b90c,code
measuring,0x80085674,0x1457,2,0x00010f,data-pointer (fixed length),0x8008b914,code
measuring,0x80085680,0x1458,2,0x00010f,data-pointer (fixed length),0x8008b91c,code
measuring,0x8008568c,0x1459,2,0x00010f,data-pointer (fixed length),0x8008b924,code
measuring,0x80085698,0x147e,2,0x00010f,data-pointer (fixed length),0x8008b92c,code
measuring,0x800856a4,0x147f,2,0x00010f,data-pointer (fixed length),0x8008b934,code
measuring,0x800856b0,0x1480,2,0x00010f,data-pointer (fixed length),0x8008b93c,code
measuring,0x800856bc,0x1481,2,0x00010f,data-pointer (fixed length),0x8008b944,code
measuring,0x800856c8,0x1482,2,0x00010f,data-pointer (fixed length),0x8008b94c,code
measuring,0x800856d4,0x1483,2,0x00010f,data-pointer (fixed length),0x8008b954,code
measuring,0x800856e0,0x1484,2,0x00010f,data-pointer (fixed length),0x8008b95c,code
measuring,0x800856ec,0x1485,2,0x00010f,data-pointer (fixed length),0x8008b964,code
measuring,0x800856f8,0x1486,2,0x00010f,data-pointer (fixed length),0x8008b96c,code
measuring,0x80085704,0x1487,2,0x00010f,data-pointer (fixed length),0x8008b974,code
measuring,0x80085710,0x1488,2,0x00010f,data-pointer (fixed length),0x8008b97c,code
measuring,0x8008571c,0x1489,2,0x00010f,data-pointer (fixed length),0x8008b984,code
measuring,0x80085728,0x148a,1,0x00020f,data-pointer (fixed length),0xd000aced,ram
measuring,0x80085734,0x148b,2,0x00010f,data-pointer (fixed length),0x8008b98c,code
measuring,0x80085740,0x148c,4,0x00010f,data-pointer (fixed length),0x8008b994,code
measuring,0x8008574c,0x148d,2,0x00010f,data-pointer (fixed length),0x8008b9a4,code
measuring,0x80085758,0x148e,2,0x00010f,data-pointer (fixed length),0x8008b9ac,code
measuring,0x80085764,0x148f,2,0x00010f,data-pointer (fixed length),0x8008b9b4,code
measuring,0x80085770,0x1490,2,0x00010f,data-pointer (fixed length),0x8008b9bc,code
measuring,0x8008577c,0x1491,2,0x00010f,data-pointer (fixed length),0x8008b9c4,code
measuring,0x80085788,0x1492,2,0x00010f,data-pointer (fixed length),0x8008b9cc,code
measuring,0x80085794,0x14a6,1,0x00020f,data-pointer (fixed length),0xd000b7f0,ram
measuring,0x800857a0,0x14d5,2,0x00010f,data-pointer (fixed length),0x8008b9d4,code
measuring,0x800857ac,0x14d6,2,0x00010f,data-pointer (fixed length),0x8008b9dc,code
measuring,0x800857b8,0x14d7,2,0x00010f,data-pointer (fixed length),0x8008b9e4,code
measuring,0x800857c4,0x14d8,2,0x00010f,data-pointer (fixed length),0x8008b9ec,code
measuring,0x800857d0,0x14d9,2,0x00010f,data-pointer (fixed length),0x8008b9f4,code
measuring,0x800857dc,0x14da,2,0x00010f,data-pointer (fixed length),0x8008b9fc,code
measuring,0x800857e8,0x14db,2,0x00010f,data-pointer (fixed length),0x8008ba04,code
measuring,0x800857f4,0x14dc,2,0x00010f,data-pointer (fixed length),0x8008ba0c,code
measuring,0x80085800,0x14dd,2,0x00010f,data-pointer (fixed length),0x8008ba14,code
measuring,0x8008580c,0x14de,2,0x00010f,data-pointer (fixed length),0x8008ba1c,code
measuring,0x80085818,0x14df,1,0x00020f,data-pointer (fixed length),0xd000228f,ram
measuring,0x80085824,0x14e0,1,0x00020f,data-pointer (fixed length),0xd0002290,ram
measuring,0x80085830,0x14e1,1,0x00020f,data-pointer (fixed length),0xd000a6b1,ram
measuring,0x8008583c,0x14e2,1,0x00020f,data-pointer (fixed length),0xd000a6b2,ram
measuring,0x80085848,0x14e3,2,0x00010f,data-pointer (fixed length),0x8008ba24,code
measuring,0x80085854,0x14e4,2,0x00010f,data-pointer (fixed length),0x8008ba2c,code
measuring,0x80085860,0x14e5,1,0x00020f,data-pointer (fixed length),0xd0002295,ram
measuring,0x8008586c,0x14e6,1,0x00020f,data-pointer (fixed length),0xd0002296,ram
measuring,0x80085878,0x14e7,1,0x00020f,data-pointer (fixed length),0xd000a6af,ram
measuring,0x80085884,0x14e8,1,0x00020f,data-pointer (fixed length),0xd000a6b0,ram
measuring,0x80085890,0x14e9,1,0x00020f,data-pointer (fixed length),0xd000b31a,ram
measuring,0x8008589c,0x14ea,1,0x00020f,data-pointer (fixed length),0xd000b314,ram
measuring,0x800858a8,0x14eb,2,0x00010f,data-pointer (fixed length),0x8008ba34,code
measuring,0x800858b4,0x1502,1,0x00020f,data-pointer (fixed length),0xd000a6c7,ram
measuring,0x800858c0,0x1503,1,0x00020f,data-pointer (fixed length),0xd000a6c8,ram
measuring,0x800858cc,0x1504,1,0x00020f,data-pointer (fixed length),0xd000a6c9,ram
measuring,0x800858d8,0x1505,1,0x00020f,data-pointer (fixed length),0xd000a6ca,ram
measuring,0x800858e4,0x1506,2,0x00010f,data-pointer (fixed length),0x8008ba3c,code
measuring,0x800858f0,0x1507,2,0x00010f,data-pointer (fixed length),0x8008ba44,code
measuring,0x800858fc,0x1508,2,0x00010f,data-pointer (fixed length),0x8008ba4c,code
measuring,0x80085908,0x1509,2,0x00010f,data-pointer (fixed length),0x8008ba54,code
measuring,0x80085914,0x14ec,2,0x00010f,data-pointer (fixed length),0x8008ba5c,code
measuring,0x80085920,0x150a,2,0x00010f,data-pointer (fixed length),0x8008ba64,code
measuring,0x8008592c,0x150b,1,0x00020f,data-pointer (fixed length),0xd000b2c6,ram
measuring,0x80085938,0x150c,2,0x00010f,data-pointer (fixed length),0x8008ba6c,code
measuring,0x80085944,0x150d,2,0x00010f,data-pointer (fixed length),0x8008ba74,code
measuring,0x80085950,0x150e,2,0x00010f,data-pointer (fixed length),0x8008ba7c,code
measuring,0x8008595c,0x150f,2,0x00010f,data-pointer (fixed length),0x8008ba84,code
measuring,0x80085968,0x1510,2,0x00010f,data-pointer (fixed length),0x8008ba8c,code
measuring,0x80085974,0x1511,2,0x00010f,data-pointer (fixed length),0x8008ba94,code
measuring,0x80085980,0x1512,2,0x00010f,data-pointer (fixed length),0x8008ba9c,code
measuring,0x8008598c,0x1513,1,0x00020f,data-pointer (fixed length),0xd000a621,ram
measuring,0x80085998,0x1514,1,0x00020f,data-pointer (fixed length),0xd000a61d,ram
measuring,0x800859a4,0x1515,1,0x00020f,data-pointer (fixed length),0xd000a61e,ram
measuring,0x800859b0,0x1516,1,0x00020f,data-pointer (fixed length),0xd000b2c4,ram
measuring,0x800859bc,0x155a,2,0x00010f,data-pointer (fixed length),0x8008baa4,code
measuring,0x800859c8,0x155b,1,0x00020f,data-pointer (fixed length),0xd000afb9,ram
measuring,0x800859d4,0x155c,1,0x00020f,data-pointer (fixed length),0xd000afba,ram
measuring,0x800859e0,0x1582,2,0x00010f,data-pointer (fixed length),0x8008baac,code
measuring,0x800859ec,0x1583,2,0x00010f,data-pointer (fixed length),0x8008bab4,code
measuring,0x800859f8,0x1584,2,0x00010f,data-pointer (fixed length),0x8008babc,code
measuring,0x80085a04,0x15aa,1,0x00020f,data-pointer (fixed length),0xd000ad84,ram
measuring,0x80085a10,0x15ab,1,0x00020f,data-pointer (fixed length),0xd000a7a3,ram
measuring,0x80085a1c,0x15ac,2,0x00010f,data-pointer (fixed length),0x8008bac4,code
measuring,0x80085a28,0x15ad,1,0x00020f,data-pointer (fixed length),0xd0009ebc,ram
measuring,0x80085a34,0x15d2,1,0x00020f,data-pointer (fixed length),0xd000561a,ram
measuring,0x80085a40,0x15d3,2,0x00010f,data-pointer (fixed length),0x8008bacc,code
measuring,0x80085a4c,0x15d4,4,0x00010f,data-pointer (fixed length),0x8008bad4,code
measuring,0x80085a58,0x15fa,1,0x00020f,data-pointer (fixed length),0xd000b28f,ram
measuring,0x80085a64,0x15fb,1,0x00020f,data-pointer (fixed length),0xd000a756,ram
measuring,0x80085a70,0x15fc,1,0x00020f,data-pointer (fixed length),0xd000a757,ram
measuring,0x80085a7c,0x15fd,1,0x00020f,data-pointer (fixed length),0xd000b295,ram
measuring,0x80085a88,0x15fe,1,0x00020f,data-pointer (fixed length),0xd000a5af,ram
measuring,0x80085a94,0x15ff,2,0x00010f,data-pointer (fixed length),0x8008bae4,code
measuring,0x80085aa0,0x1600,1,0x00020f,data-pointer (fixed length),0xd000b045,ram
measuring,0x80085aac,0x1601,1,0x00020f,data-pointer (fixed length),0xd000b28a,ram
measuring,0x80085ab8,0x1602,4,0x00010f,data-pointer (fixed length),0x8008baec,code
measuring,0x80085ac4,0x1603,1,0x00020f,data-pointer (fixed length),0xd000b289,ram
measuring,0x80085ad0,0x1604,2,0x00010f,data-pointer (fixed length),0x8008bafc,code
measuring,0x80085adc,0x1622,1,0x00020f,data-pointer (fixed length),0xd0009f18,ram
measuring,0x80085ae8,0x164a,1,0x00020f,data-pointer (fixed length),0xd000a647,ram
measuring,0x80085af4,0x16a6,2,0x00010f,data-pointer (fixed length),0x8008bb04,code
measuring,0x80085b00,0x16a7,2,0x00010f,data-pointer (fixed length),0x8008bb0c,code
measuring,0x80085b0c,0x16aa,1,0x00020f,data-pointer (fixed length),0xd000b7ff,ram
measuring,0x80085b18,0x16ab,1,0x00020f,data-pointer (fixed length),0xd000b800,ram
measuring-2,0x80085b30,0x16ae,1,0x00020f,data-pointer (fixed length),0xa004533b,cal
measuring-2,0x80085b3c,0x16a0,2,0x00010f,data-pointer (fixed length),0x8008bb14,code
measuring-2,0x80085b48,0x16a1,2,0x00010f,data-pointer (fixed length),0x8008bb1c,code
measuring-2,0x80085b54,0x16cc,1,0x00020f,data-pointer (fixed length),0xd0009eac,ram
measuring-2,0x80085b60,0x16cd,1,0x00020f,data-pointer (fixed length),0xd0009ec0,ram
measuring-2,0x80085b6c,0x16ce,1,0x00020f,data-pointer (fixed length),0xd000a7bb,ram
measuring-2,0x80085b78,0x16cf,1,0x00020f,data-pointer (fixed length),0xd000a7bd,ram
measuring-2,0x80085b84,0x16d0,1,0x00020f,data-pointer (fixed length),0xd000a370,ram
measuring-2,0x80085b90,0x16d1,1,0x00020f,data-pointer (fixed length),0xd000a372,ram
measuring-2,0x80085b9c,0x16d2,1,0x00020f,data-pointer (fixed length),0xd000a371,ram
measuring-2,0x80085ba8,0x16d3,1,0x00020f,data-pointer (fixed length),0xd000a373,ram
measuring-2,0x80085bb4,0x16d4,1,0x00030f,handler(buf) emits fixed length,0x801205a0,code
measuring-2,0x80085bc0,0x16d5,1,0x00020f,data-pointer (fixed length),0xd000b255,ram
measuring-2,0x80085bcc,0x16d6,1,0x00020f,data-pointer (fixed length),0xd000b256,ram
measuring-2,0x80085bd8,0x16d7,1,0x00020f,data-pointer (fixed length),0xd000b257,ram
measuring-2,0x80085be4,0x16d8,1,0x00020f,data-pointer (fixed length),0xd000b25b,ram
measuring-2,0x80085bf0,0x16d9,1,0x00020f,data-pointer (fixed length),0xd000b25c,ram
measuring-2,0x80085bfc,0x16da,1,0x00020f,data-pointer (fixed length),0xd000b25d,ram
measuring-2,0x80085c08,0x16db,1,0x00020f,data-pointer (fixed length),0xd000b258,ram
measuring-2,0x80085c14,0x16dc,1,0x00020f,data-pointer (fixed length),0xd000b259,ram
measuring-2,0x80085c20,0x16dd,1,0x00020f,data-pointer (fixed length),0xd000b25a,ram
measuring-2,0x80085c2c,0x16de,1,0x00020f,data-pointer (fixed length),0xd000b3a3,ram
measuring-2,0x80085c38,0x16df,17,0x00030f,handler(buf) emits fixed length,0x80122468,code
measuring-2,0x80085c44,0x16f0,1,0x00020f,data-pointer (fixed length),0xd000ae4a,ram
measuring-2,0x80085c50,0x16f1,1,0x00020f,data-pointer (fixed length),0xd000ae4f,ram
measuring-2,0x80085c5c,0x16f2,1,0x00020f,data-pointer (fixed length),0xd000ae54,ram
measuring-2,0x80085c68,0x16f3,1,0x00020f,data-pointer (fixed length),0xd000ae59,ram
measuring-2,0x80085c74,0x16f4,1,0x00020f,data-pointer (fixed length),0xd000ae4c,ram
measuring-2,0x80085c80,0x16f5,1,0x00020f,data-pointer (fixed length),0xd000ae51,ram
measuring-2,0x80085c8c,0x16f6,1,0x00020f,data-pointer (fixed length),0xd000ae56,ram
measuring-2,0x80085c98,0x16f7,1,0x00020f,data-pointer (fixed length),0xd000ae5b,ram
measuring-2,0x80085ca4,0x16f8,1,0x00020f,data-pointer (fixed length),0xd0005605,ram
measuring-2,0x80085cb0,0x16f9,1,0x00020f,data-pointer (fixed length),0xd0005608,ram
measuring-2,0x80085cbc,0x16fa,1,0x00020f,data-pointer (fixed length),0xd000560b,ram
measuring-2,0x80085cc8,0x16fb,1,0x00020f,data-pointer (fixed length),0xd000560e,ram
measuring-2,0x80085cd4,0x16fc,1,0x00020f,data-pointer (fixed length),0xd0005604,ram
measuring-2,0x80085ce0,0x16fd,1,0x00020f,data-pointer (fixed length),0xd0005607,ram
measuring-2,0x80085cec,0x16fe,1,0x00020f,data-pointer (fixed length),0xd000560a,ram
measuring-2,0x80085cf8,0x16ff,1,0x00020f,data-pointer (fixed length),0xd000560d,ram
measuring-2,0x80085d04,0x1700,1,0x00020f,data-pointer (fixed length),0xd000ae4b,ram
measuring-2,0x80085d10,0x1701,1,0x00020f,data-pointer (fixed length),0xd000ae50,ram
measuring-2,0x80085d1c,0x1702,1,0x00020f,data-pointer (fixed length),0xd000ae55,ram
measuring-2,0x80085d28,0x1703,1,0x00020f,data-pointer (fixed length),0xd000ae5a,ram
measuring-2,0x80085d34,0x1704,1,0x00020f,data-pointer (fixed length),0xd000ae48,ram
measuring-2,0x80085d40,0x1705,1,0x00020f,data-pointer (fixed length),0xd000ae4d,ram
measuring-2,0x80085d4c,0x1706,1,0x00020f,data-pointer (fixed length),0xd000ae52,ram
measuring-2,0x80085d58,0x1707,1,0x00020f,data-pointer (fixed length),0xd000ae57,ram
measuring-2,0x80085d64,0x1708,1,0x00020f,data-pointer (fixed length),0xd000ae49,ram
measuring-2,0x80085d70,0x1709,1,0x00020f,data-pointer (fixed length),0xd000ae4e,ram
measuring-2,0x80085d7c,0x170a,1,0x00020f,data-pointer (fixed length),0xd000ae53,ram
measuring-2,0x80085d88,0x170b,1,0x00020f,data-pointer (fixed length),0xd000ae58,ram
measuring-2,0x80085d94,0x1710,1,0x00020f,data-pointer (fixed length),0xd000b451,ram
measuring-2,0x80085da0,0x1711,1,0x00020f,data-pointer (fixed length),0xd000b452,ram
measuring-2,0x80085dac,0x1712,1,0x00020f,data-pointer (fixed length),0xd000b453,ram
measuring-2,0x80085db8,0x1713,1,0x00020f,data-pointer (fixed length),0xd000b454,ram
measuring-2,0x80085dc4,0x1714,1,0x00020f,data-pointer (fixed length),0xd000b44d,ram
measuring-2,0x80085dd0,0x1715,1,0x00020f,data-pointer (fixed length),0xd000b44e,ram
measuring-2,0x80085ddc,0x1716,1,0x00020f,data-pointer (fixed length),0xd000b44f,ram
measuring-2,0x80085de8,0x1717,1,0x00020f,data-pointer (fixed length),0xd000b450,ram
measuring-2,0x80085df4,0xf4f8,0,0x00050f,handler (variable),0x8012049c,code
measuring-2,0x80085e00,0x02df,0,0x00040f,"handler(buf,emit)->length (variable)",0x8011fd18,code
measuring-2,0x80085e0c,0xf1f0,20,0x00030f,handler(buf) emits fixed length,0x8011fd70,code
measuring-2,0x80085e18,0xf1f1,25,0x00030f,handler(buf) emits fixed length,0x8011fd94,code
