dest_vaddr,from_vaddr,from_func
80380000,800831e4,FUN_800831ba
80380000,80017820,
80380000,8004035c,
80380000,8000e2f4,
80380000,8000e2fc,
80380000,800c7a8e,FUN_800c7a7e
80380000,8002fc94,
803822cc,800cb3fe,FUN_800cb384
803822cc,800cb42e,FUN_800cb384
803822cc,800cb462,FUN_800cb384
803822d0,800cb400,FUN_800cb384
803822d0,800cb430,FUN_800cb384
803822d0,800cb464,FUN_800cb384
803822d4,800cb40e,FUN_800cb384
803822d4,800cb43e,FUN_800cb384
803822d4,800cb470,FUN_800cb384
803822d8,800cb40a,FUN_800cb384
803822d8,800cb43a,FUN_800cb384
803822d8,800cb46e,FUN_800cb384
8038236c,8005f53c,FUN_8005f51e
8038236c,8005f546,FUN_8005f51e
8038236c,8005f77e,FUN_8005f576
8038236c,8005f78e,FUN_8005f576
8038239c,80162f2e,FUN_80162f26
8038239c,80163290,
8038239c,80163298,
8038239c,8016329c,
8038239c,801632a6,
8038239c,80163102,
8038239c,80163126,
8038239c,80163150,
8038239c,8016317e,
8038239c,80163192,
8038239c,801631bc,
8038239c,80163146,
8038239c,801631e6,
8038239c,80162f5a,
8038239c,80162f6c,
8038239c,80162f7a,
8038239c,80162f88,
803823a4,80166b9a,
803823a4,80166710,
803823a4,8016673e,
803823a4,8016674c,
803823a4,80166878,
803823a4,80166922,
803823a4,801669a6,
803823a4,80166aaa,
803823a4,80166abe,
803823a4,80166ae8,
803823a4,8016664c,
803823a4,80166b5e,
803823a4,80166bb4,
803823a4,80166890,
803823a4,80166786,
803823a4,801667ac,
803823a4,801668b4,
803823a4,801668bc,
803823a4,801668cc,
803823a4,801668ee,
803823a4,80166964,
803823a4,80166972,
803823a4,801669ae,
803823a4,801669d4,
803823a4,80166b10,
803823a4,80166b1c,
803823a4,80166ba0,
803823a4,80166912,
803823a4,801666cc,
803823a4,80166688,
803823a4,801666a6,
803823a8,80166380,FUN_80166372
803823a8,80166876,
803823a8,80166aa8,
803823a8,801667be,
803823a8,801667fc,
803823a8,8016680e,
803823a8,8016683e,
803823a8,801669e6,
803823a8,80166a24,
803823a8,80166a36,
803823a8,80166a66,
803823ac,8016637e,FUN_80166372
803823ac,80166ada,
803823ac,801667d0,
803823ac,801667ea,
803823ac,80166832,
803823ac,8016683c,
803823ac,801669f8,
803823ac,80166a12,
803823ac,80166a5a,
803823ac,80166a64,
803823ac,80166ab0,
803823b0,8016b11a,FUN_8016b086
803823b0,8016b11e,FUN_8016b086
803823b0,8016b10a,FUN_8016b086
803823b0,8016b998,
803823b0,8016b9a0,
803823b0,8016b9ac,
803823b0,8016b9cc,
803823b0,8016b9d4,
803823b0,8016b9d8,
803823b0,8016baf4,
803823b4,8016b10e,FUN_8016b086
803823b4,8016b116,FUN_8016b086
803823b4,8016b122,FUN_8016b086
803823b4,8016b126,FUN_8016b086
803823b4,8016b942,
803823b4,8016b962,
803823b4,8016b96e,
803823b4,8016b97c,
803823b4,8016b98c,
803823b4,8016b990,
803823b4,8016b9b6,
803823b4,8016b9c0,
803823b4,8016b9c4,
803823b4,8016b9de,
803823b4,8016b9ec,
803823b4,8016ba00,
803823b4,8016ba04,
803823b4,8016ba1a,
803823b4,8016ba20,
803823b4,8016ba2a,
803823b4,8016ba4a,
803823b4,8016ba5e,
803823b4,8016ba70,
803823b4,8016ba7c,
803823b4,8016ba82,
803823b4,8016ba96,
803823b4,8016baf0,
803823f8,8019d672,FUN_8019d664
803823fc,8019d822,FUN_8019d6ae
803823fc,8019d836,FUN_8019d6ae
803823fc,8019d83c,FUN_8019d6ae
80382400,8019d7b8,FUN_8019d6ae
80382400,8019d7c2,FUN_8019d6ae
80382400,8019d7c6,FUN_8019d6ae
80382400,8019d7d0,FUN_8019d6ae
80382400,8019d7d4,FUN_8019d6ae
80382400,8019d7ea,FUN_8019d6ae
80382400,8019d804,FUN_8019d6ae
8038240c,8003e658,
8038240c,800ae190,FUN_800ae178
80382414,800966fe,
80382428,800d39f2,FUN_800d3838
80382429,800d392a,FUN_800d3838
8038242a,800d389e,FUN_800d3838
8038242b,800d388a,FUN_800d3838
8038242c,800d3952,FUN_800d3838
8038242d,800d393e,FUN_800d3838
8038242e,800d3966,FUN_800d3838
8038242f,800d38b2,FUN_800d3838
80382430,800d38ee,FUN_800d3838
80382431,8019009c,
80382431,800fe098,FUN_800fdfec
80382432,800d39de,FUN_800d3838
80382433,800d3840,FUN_800d3838
80382434,800fccf8,FUN_800fcbbe
80382434,800d4410,FUN_800d4408
80382434,801900b6,
80382434,800f6e04,FUN_800f6dfc
80382435,800fcd06,FUN_800fcbbe
80382436,800d39b6,FUN_800d3838
80382437,800d39a2,FUN_800d3838
80382438,800d398e,FUN_800d3838
80382439,800d38c6,FUN_800d3838
8038243a,800d4126,
8038243b,800fd646,caseD_0
8038243b,800fd6b0,caseD_0
8038243b,800fc5fa,FUN_800fc46e
8038243b,800fc688,FUN_800fc46e
8038243b,800fc7aa,FUN_800fc46e
8038243b,801903ae,
8038243c,800d3a06,FUN_800d3838
8038243d,800d3a2e,FUN_800d3838
8038243e,800d3876,FUN_800d3838
8038243f,800d3862,FUN_800d3838
80382440,800d384e,FUN_800d3838
80382441,800d3a1a,FUN_800d3838
80382442,800fc9f6,FUN_800fc9d4
80382442,800fca0e,FUN_800fc9d4
80382443,800fc0ee,FUN_800fc052
80382444,800fc10c,FUN_800fc052
80382445,800fc03a,FUN_800fbfc0
80382446,800fc022,FUN_800fbfc0
80382447,800fcbd0,FUN_800fcbbe
80382448,800fcbea,FUN_800fcbbe
80382449,800d38da,FUN_800d3838
8038244a,800fccd2,FUN_800fcbbe
8038244b,800fd572,caseD_0
8038244c,800fe0cc,FUN_800fdfec
8038244e,800fcace,FUN_800fc9d4
8038244e,800fcb38,FUN_800fc9d4
8038244e,8019008e,
8038244f,800d3916,FUN_800d3838
80382450,800d3902,FUN_800d3838
80382452,800fc804,FUN_800fc46e
80382452,800fc8aa,FUN_800fc46e
80382452,800fc79a,FUN_800fc46e
80382454,800d397a,FUN_800d3838
80382456,800fc926,FUN_800fc46e
80382458,800fc970,FUN_800fc954
8038245a,800f6f52,FUN_800f6dfc
8038245c,800fcc64,FUN_800fcbbe
8038245e,800fcd5a,
8038245e,800fcd6c,
8038245e,800fcd7e,
8038245e,800fcd90,
8038245e,800fcda4,
8038245e,800fcdde,
8038245e,800fcdf0,
8038245e,800fce04,
8038245e,800fce12,
8038245e,800fce20,
8038245e,800fce2e,
8038245e,800fce3c,
8038245f,800d477e,caseD_0
8038245f,800d48c6,
8038245f,800d48e6,
8038245f,800d4908,
8038245f,800d492a,
8038245f,800d4962,
8038245f,800d4992,
80382471,800fc0d4,FUN_800fc052
80382472,800d39ca,FUN_800d3838
80382474,800fcc14,FUN_800fcbbe
80382474,80190078,
80382476,800d3ea4,
80382477,800d3dbc,
80382478,800d3e20,
80382479,800d3d66,
8038247a,800d3d44,
8038247b,800d3e72,
8038247b,800d3eb2,
8038247c,800d3e00,
8038247c,800d3dca,
8038247d,800d3e2e,
8038247e,800d3d74,
8038247f,800d3d52,
80382480,800d3d24,
80382481,800d4dde,caseD_1
80382482,800d3a98,FUN_800d3838
80382483,800d3fd4,caseD_0
80382484,800d3f2e,caseD_0
80382484,800d3f98,caseD_0
80382485,800d3f3c,caseD_0
80382486,800d4810,
80382487,800d3f60,caseD_0
80382487,800d3f74,caseD_0
80382488,800d3b18,FUN_800d3838
80382488,800d3b74,FUN_800d3838
80382488,800d3bd0,FUN_800d3838
80382488,800d3c2c,FUN_800d3838
80382488,800d3c88,FUN_800d3838
80382489,800d3c72,FUN_800d3838
8038248a,800d3c16,FUN_800d3838
8038248b,800d3bba,FUN_800d3838
8038248c,800d3b5e,FUN_800d3838
8038248d,800d3b02,FUN_800d3838
8038248e,800d487e,
8038248f,800d47e2,
80382490,800d4a60,
80382491,800d4a46,
80382492,800d4a28,
80382493,800d4a1a,
80382494,800d49ea,
80382495,800d49ca,
80382496,800d49b8,
80382497,800d49aa,
80382498,800d4980,
80382499,800d4950,
8038249a,800d4918,
8038249b,800d48f6,
8038249c,800d48d4,
8038249d,800d48b4,
8038249e,800fdd5e,caseD_0
8038249e,800fd3fe,
8038249f,800d4c58,
803824a0,800f6f06,FUN_800f6dfc
803824a0,800f6f14,FUN_800f6dfc
803824a2,800fcc90,FUN_800fcbbe
803824a4,800fca3c,FUN_800fc9d4
803824b8,8005f570,FUN_8005f51e
803824b8,8005f798,FUN_8005f576
803824b8,8038236c,
803824b8,80103464,
803824c0,80096974,FUN_800968f8
803824c0,80103468,
803824c4,80096962,FUN_800968f8
803824c4,8010346c,
803824c6,80103470,
803824c8,80103474,
803824ce,80103478,
803824d2,8010347c,
803824d6,80103480,
803824dc,80103484,
803824e8,80103488,
803824f2,8010348c,
803824fc,80103490,
803824fe,80103494,
80382500,80103498,
80382514,8010349c,
8038252a,801034a0,
8038252e,801034a4,
80382532,801034a8,
80382542,801034ac,
80382546,801034b0,
80382574,801034b4,
8038257c,801034b8,
803825b8,801034bc,
803825c0,801034c0,
803825c6,801034c4,
803825c8,801034c8,
80382604,801034cc,
80382608,801034d0,
80382616,801034d4,
8038261e,801034d8,
803828a0,801034dc,
803828ba,801034e0,
803828c0,801034e4,
803828ce,801034e8,
803828d0,801034ec,
803828d6,801034f0,
803828e0,801034f4,
803828ec,801034f8,
803828fc,801034fc,
80382902,80103500,
80382948,80103504,
8038294c,80103508,
80382968,8010350c,
8038299e,80103510,
80382bac,80103514,
80382bb8,80103518,
80382bc2,8010351c,
80382bf4,80103520,
80382c40,80103524,
80382c4c,80103528,
80382c50,8010352c,
80382dc6,80103530,
80382dc8,80103534,
80382ddc,80103538,
80382dde,8010353c,
80382e02,80103540,
80382e04,80103544,
80382e28,80103548,
80382e2a,8010354c,
80382e2e,80103550,
80382e38,80103554,
80382e92,80103558,
80382ea4,8010355c,
80382ef6,80103560,
80382fe2,80103564,
803830f2,80103568,
80383106,8010356c,
80383108,80103570,
8038315c,80103574,
80383170,80103578,
80383172,8010357c,
80383184,80103580,
80383188,80103584,
803831a2,80103588,
803831aa,8010358c,
803831ac,80103590,
803831b0,80103594,
803831b6,80103598,
80383320,8010359c,
80383322,801035a0,
8038334c,801035a4,
80383350,801035a8,
80383352,801035ac,
80383358,801035b0,
8038335a,801035b4,
8038335c,801035b8,
80383360,801035bc,
80383362,801035c0,
8038336e,801035c4,
80383370,801035c8,
8038338a,801035cc,
803833a0,801035d0,
803833a4,801035d4,
803833a8,801035d8,
803833b6,801035dc,
803833ba,801035e0,
803833be,801035e4,
803833c0,801035e8,
803833fc,801035ec,
80383400,801035f0,
8038340e,801035f4,
80383428,801035f8,
803836aa,801035fc,
803836c4,80103600,
803836ca,80103604,
803836d0,80103608,
803836da,8010360c,
803836f0,80103610,
80383700,80103614,
80383706,80103618,
8038374c,8010361c,
80383766,80103620,
8038376a,80103624,
803837a0,80103628,
803839ae,8010362c,
803839ba,80103630,
803839c6,80103634,
803839ca,80103638,
80383b48,8010363c,
80383b4a,80103640,
80383b4e,80103644,
80383b62,80103648,
80383b66,8010364c,
80383b8a,80103650,
80383b8e,80103654,
80383bb2,80103658,
80383bb4,8010365c,
80383bb8,80103660,
80383bc2,80103664,
80383c2e,80103668,
80383c40,8010366c,
80383c92,80103670,
80383da2,80103674,
80383eb2,80103678,
80383ec6,8010367c,
80383ec8,80103680,
80383f1c,80103684,
80383f30,80103688,
80383f32,8010368c,
80383f46,80103690,
80383f4a,80103694,
80383f64,80103698,
80383f6c,8010369c,
80383f6e,801036a0,
80383f72,801036a4,
80383f78,801036a8,
80384000,8000bcc2,FUN_8000bbbc
803840e2,801036ac,
80384358,801036b0,
8038436a,801036b4,
8038476e,801036b8,
80384770,801036bc,
803848fe,801036c0,
80384902,801036c4,
80385100,801036c8,
80385106,801036cc,
8038510c,801036d0,
80385128,801036d4,
8038512c,801036d8,
80385178,801036dc,
8038517c,801036e0,
803851b4,801036e4,
803851b6,801036e8,
803851be,801036ec,
8038520e,801036f0,
8038524a,801036f4,
80385252,801036f8,
80385288,801036fc,
8038528c,80103700,
803852a2,80103704,
803852a4,80103708,
80385678,8010370c,
803856dc,80103710,
80385bbc,80103714,
80385c4c,80103718,
803867c0,8010371c,
80386d94,80103720,
803870b4,80103724,
803870ec,80103728,
803875ae,8010372c,
803875c2,80103730,
803875d6,80103734,
8038760a,80103738,
8038765e,8010373c,
803876ae,80103740,
803876b0,80103744,
803876b2,80103748,
8038776a,8010374c,
80387784,80103750,
80387796,80103754,
803877a2,80103758,
803877b6,8010375c,
803878e4,80103760,
80387ace,80103764,
80387f5c,80103768,
80387fcc,8010376c,
80387fcd,80103770,
80387fce,80103774,
80387fec,80103778,
80388594,8010377c,
803885c4,80103780,
80388a20,80103784,
80388c70,80103788,
80389384,8010378c,
80389404,80103790,
8038946c,80103794,
80389472,80103798,
80389544,8010379c,
803896e0,801037a0,
803896ec,801037a4,
80389868,801037a8,
8038a230,801037ac,
8038a25a,801037b0,
8038a3c4,801037b4,
8038a3c8,801037b8,
8038a514,801037bc,
8038a568,801037c0,
8038a5ec,801037c4,
8038a734,801037c8,
8038a780,801037cc,
8038affc,801037d0,
8038b430,801037d4,
8038baa8,801037d8,
8038ff85,80008754,
803a4ae6,801037dc,
803a4bcc,801037e0,
803a4cb4,801037e4,
803a4cb8,801037e8,
803a4cc0,801037ec,
803a4cc8,801037f0,
803a4cd8,801037f4,
803a4ce8,801037f8,
803a511c,801037fc,
803a518e,80103800,
803a5196,80103804,
803a521e,80103808,
803a5a86,8010380c,
803b22a6,80103810,
803b24ba,80103814,
803b24ea,80103818,
803b2d1e,8010381c,
803b2e88,80103820,
803b36f0,80103824,
803b36f4,80103828,
803b3f5c,8010382c,
803b3f60,80103830,
803b47c8,80103834,
803b47e2,80103838,
803b47e8,8010383c,
803b4834,80103840,
803b4f1c,80103844,
803b4f5c,80103848,
803b5088,8010384c,
803b5230,80103850,
803b5290,80103854,
803b52a0,80103858,
803b52a1,8010385c,
803b52a2,80103860,
803b52a4,80103864,
803b5518,80103868,
803b597c,8010386c,
803b59a4,80103870,
803b59a6,80103874,
803b5a3c,80103878,
803b5b44,8010387c,
803b5b70,80103880,
803b5b74,80103884,
803b5bac,80103888,
803b5bc8,8010388c,
803b5bdc,80103890,
803b5bf8,80103894,
803b5bfc,80103898,
803b7090,8010389c,
803b77e4,801038a0,
803b7838,801038a4,
803b783c,801038a8,
803b7840,801038ac,
803b7848,801038b0,
803b7854,801038b4,
803b8754,801038b8,
803b875c,801038bc,
803b8762,801038c0,
803b88b0,801038c4,
803b88b8,801038c8,
803b88f0,801038cc,
803b88f4,801038d0,
803b890c,801038d4,
803b8f7c,801038d8,
803b9090,801038dc,
803b90b8,801038e0,
803b90f8,801038e4,
803b9100,801038e8,
803b9238,801038ec,
803b9244,801038f0,
803b92cc,801038f4,
803b92d0,801038f8,
803b92d2,801038fc,
803b92e0,80103900,
803b92ec,80103904,
803b9400,80103908,
803b9672,8010390c,
803b96c4,80103910,
803b96c8,80103914,
803b9708,80103918,
803b9cdc,8010391c,
803ba1a0,80103920,
803ba1b8,80103924,
803ba1d0,80103928,
803ba29c,8010392c,
803ba29e,80103930,
803ba2a6,80103934,
803ba2b4,80103938,
803ba2bc,8010393c,
803ba2c8,80103940,
803ba2f8,80103944,
803ba2fc,80103948,
803ba304,8010394c,
803ba338,80103950,
803ba36c,80103954,
803ba474,80103958,
803ba480,8010395c,
803ba48c,80103960,
803ba592,80103964,
803ba5ac,80103968,
803ba5b2,8010396c,
803ba5ce,80103970,
803ba676,80103974,
803ba678,80103978,
803ba67a,8010397c,
803ba67c,80103980,
803ba762,80103984,
803ba7a8,80103988,
803bb2e6,8010398c,
803bb386,80103990,
803bb3ba,80103994,
803bb3be,80103998,
803bbc48,8010399c,
803bc218,801039a0,
803bc22e,801039a4,
803bc25e,801039a8,
803bc28e,801039ac,
803bc2ee,801039b0,
803bc452,801039b4,
803bc4be,801039b8,
803bc4c0,801039bc,
803bc4ce,801039c0,
803bc5d0,801039c4,
803bc680,801039c8,
803bc6be,801039cc,
803bc70e,801039d0,
803bc714,801039d4,
803bccfa,801039d8,
803bcd8a,801039dc,
803bcdea,801039e0,
803bce18,801039e4,
803bce26,801039e8,
803bce74,801039ec,
803bce9e,801039f0,
803bd0ce,801039f4,
803bd0da,801039f8,
803bd126,801039fc,
803bd12e,803bd12e,
803bd134,80103a00,
803bd13e,80103a04,
803bd146,80103a08,
803bd146,803bd12c,
803bd16c,80103a0c,
803bd21a,80103a10,
803bd21e,80103a14,
803bd228,80103a18,
803bd46c,80103a1c,
803bd478,80103a20,
803bd48a,80103a24,
803bd48c,80103a28,
803bd4fc,80103a2c,
803bd504,80103a30,
803bd526,80103a34,
803be236,80103a38,
803be53e,80103a3c,
803be59c,80103a40,
803be5a8,80103a44,
803be5b0,80103a48,
803be618,80103a4c,
803be620,80103a50,
803be62a,80103a54,
803be69e,80103a58,
803be70c,80103a5c,
803be726,80103a60,
803be78a,80103a64,
803be794,80103a68,
803be7f4,80103a6c,
803be7f6,80103a70,
803be872,80103a74,
803bea1e,80103a78,
803beafc,80103a7c,
803bed72,80103a80,
803bedaa,80103a84,
803bef18,80103a88,
803bf01c,80103a8c,
803bf026,80103a90,
803c046e,80103a94,
803c05fc,80103a98,
803c05fe,80103a9c,
803c0736,80103aa0,
803c0768,80103aa4,
803c0774,80103aa8,
803c0796,80103aac,
803c079c,80103ab0,
803c0800,80103ab4,
803c0a92,80103ab8,
803c0aa6,80103abc,
803c0bbe,80103ac0,
803c0c12,80103ac4,
803c0c1e,80103ac8,
803c0c44,80103acc,
803c0c6e,80103ad0,
803c0cde,80103ad4,
803c0ce2,80103ad8,
803c0ce4,80103adc,
803c0ce6,80103ae0,
803c0ce8,80103ae4,
803c0cf2,80103ae8,
803c0dcc,80103aec,
803c0dd0,80103af0,
803c1062,80103af4,
803c1166,80103af8,
803c1292,80103afc,
803c1732,80103b00,
803c1778,80103b04,
803c178c,80103b08,
803c1810,80103b0c,
803c23d2,80103b10,
803c288a,80103b14,
803c2c5c,80103b18,
803c2ca0,80103b1c,
803c2ca6,80103b20,
803c2caa,80103b24,
803c2cf6,80103b28,
803c2d02,80103b2c,
803c2d34,80103b30,
803c3116,80103b34,
803c3330,80103b38,
803c3382,80103b3c,
803c3384,80103b40,
803c33fe,80103b44,
803c340e,80103b48,
803c3432,80103b4c,
803c3474,80103b50,
803c3476,80103b54,
803c347a,80103b58,
803c348e,80103b5c,
803c34e6,80103b60,
803c34e8,80103b64,
803c3522,80103b68,
803c3594,80103b6c,
803c3596,80103b70,
803c35a8,80103b74,
803c368a,80103b78,
803c36b4,80103b7c,
803c36d6,80103b80,
803c375e,80103b84,
803c3770,80103b88,
803c3798,80103b8c,
803c379c,80103b90,
803c37ac,80103b94,
803c38c4,80103b98,
803c39a0,80103b9c,
803c3aa0,80103ba0,
803c3aa2,80103ba4,
803c3ab4,80103ba8,
803c3b0e,80103bac,
803c3b14,80103bb0,
803c3b1e,80103bb4,
803c3b26,80103bb8,
803c3b5a,80103bbc,
803c3b64,80103bc0,
803c3c24,80103bc4,
803c3c3e,80103bc8,
803c3c44,80103bcc,
803c3c74,80103bd0,
803c3ce0,80103bd4,
803c3ce4,80103bd8,
803c3d28,80103bdc,
803c3d74,80103be0,
803c3d7a,80103be4,
803c3e2c,80103be8,
803c4114,80103bec,
803c411a,80103bf0,
803c4120,80103bf4,
803c415a,80103bf8,
803c41a2,80103bfc,
803c41fe,80103c00,
803c4200,80103c04,
803c4204,80103c08,
803c422e,80103c0c,
803c4230,80103c10,
803c423c,80103c14,
803c4242,80103c18,
803c424c,80103c1c,
803c4252,80103c20,
803c4342,80103c24,
803c4344,80103c28,
803c4346,80103c2c,
803c4384,80103c30,
803c43bc,80103c34,
803c43c4,80103c38,
803c441c,80103c3c,
803c4422,80103c40,
803c4526,80103c44,
803c4afe,80103c48,
803c4b48,80103c4c,
803c4bde,80103c50,
803c5344,80103c54,
803c60cc,80103c58,
803c6128,80103c5c,
803c623e,80103c60,
803c6258,80103c64,
803c62ac,80103c68,
803c6336,80103c6c,
803c633c,80103c70,
803c6342,80103c74,
803c6362,80103c78,
803c6366,80103c7c,
803c63b8,80103c80,
803c63bc,80103c84,
803c63ce,80103c88,
803c63e6,80103c8c,
803c6440,80103c90,
803c646e,80103c94,
803c6488,80103c98,
803c64a2,80103c9c,
803c64b4,80103ca0,
803c64e4,80103ca4,
803c64e8,80103ca8,
803c64ee,80103cac,
803c64f0,80103cb0,
803c6668,80103cb4,
803c667c,80103cb8,
803c667d,80103cbc,
803c667e,80103cc0,
803c6684,80103cc4,
803c66b6,80103cc8,
803c66d8,80103ccc,
803c66e0,80103cd0,
803c66e4,80103cd4,
803c66f2,80103cd8,
803c66f4,80103cdc,
803c66fe,80103ce0,
803c675c,80103ce4,
803c675e,80103ce8,
803c6824,80103cec,
803c6826,80103cf0,
803c6834,80103cf4,
803c69de,80103cf8,
803c69e0,80103cfc,
803c69e4,80103d00,
803c6a08,80103d04,
803c6a0a,80103d08,
803c6a40,80103d0c,
803c6a5a,80103d10,
803c6d30,80103d14,
803c6d4c,80103d18,
803c6dfa,80103d1c,
803c7488,80103d20,
803c84fa,80103d24,
803c862e,80103d28,
803c9c6a,80103d2c,
803c9eea,80103d30,
803c9f56,80103d34,
803c9f60,80103d38,
803c9f96,80103d3c,
803c9f98,80103d40,
803c9fba,80103d44,
803c9fd4,80103d48,
803ca08c,80103d4c,
803ca0bc,80103d50,
803ca4f4,80103d54,
803ca5b6,80103d58,
803ca5c6,80103d5c,
803ca638,80103d60,
803ca63c,80103d64,
803ca686,80103d68,
803ca68e,80103d6c,
803ca694,80103d70,
803ca6de,80103d74,
803ca864,80103d78,
803ca882,80103d7c,
803caa16,80103d80,
803caa68,80103d84,
803caa8a,80103d88,
803caab8,80103d8c,
803cab00,80103d90,
803cab02,80103d94,
803cab18,80103d98,
803cb0f0,80103d9c,
803cb122,80103da0,
803cb21c,80103da4,
803cb496,80103da8,
803cb4b0,80103dac,
803cb4c4,80103db0,
803cb4d6,80103db4,
803cb4e2,80103db8,
803cb4ec,80103dbc,
803cb4fa,80103dc0,
803cb580,80103dc4,
803cb592,80103dc8,
803cb5de,80103dcc,
803cba2e,80103dd0,
803cba94,80103dd4,
803cbaa4,80103dd8,
803cbaa8,80103ddc,
803cbab2,80103de0,
803cc10a,80103de4,
803cc18a,80103de8,
803cc224,80103dec,
803cc318,80103df0,
803cc35c,80103df4,
803cc35e,80103df8,
803cc362,80103dfc,
803cc36a,80103e00,
803cc36c,80103e04,
803cc36e,80103e08,
803cc390,80103e0c,
803cc3d6,80103e10,
803cc3dc,80103e14,
803cc3e2,80103e18,
803cc3e4,80103e1c,
803cc3f4,80103e20,
803cc7a8,80103e24,
803cc7c8,80103e28,
803cc7f6,80103e2c,
803cc89a,80103e30,
803ccf18,80103e34,
803ccfac,80103e38,
803ccfb0,80103e3c,
803ccff0,80103e40,
803cd1d2,80103e44,
803cd1ea,80103e48,
803cd2a4,80103e4c,
803cd2a6,80103e50,
803cd2ac,80103e54,
803cd2b0,80103e58,
803cd4f8,80103e5c,
803cd886,80103e60,
803ce4cc,80103e64,
803ce4d6,80103e68,
803ce730,80103e6c,
803ce76a,80103e70,
803cef68,80103e74,
803cf0e4,80103e78,
803cf234,80103e7c,
803cf2d5,8000874c,
803cf8d5,80008744,
803cfa0c,80103e80,
803cfcd5,80008748,
803cfed5,80008750,
803d1ee8,80103e84,
803d22a2,80103e88,
803d22a4,80103e8c,
803d2902,80103e90,
803d2a96,80103e94,
803d2ab8,80103e98,
803d2b20,80103e9c,
803d2c4a,80103ea0,
803d2dc8,80103ea4,
803d2de6,80103ea8,
803d2e74,80103eac,
803d3086,80103eb0,
803d30e8,80103eb4,
803d3198,80103eb8,
803d320c,80103ebc,
803d3352,80103ec0,
803d335e,80103ec4,
803d3362,80103ec8,
803d3562,80103ecc,
803d3768,80103ed0,
803d37ac,80103ed4,
803d37e2,80103ed8,
803d37e4,80103edc,
803d384a,80103ee0,
803d385a,80103ee4,
803d387c,80103ee8,
803d388c,80103eec,
803d3ae0,80103ef0,
803d3ae4,80103ef4,
803d3ae6,80103ef8,
803d3ae8,80103efc,
803d3aea,80103f00,
803d3aec,80103f04,
803d3aee,80103f08,
803d3af4,80103f0c,
803d3de0,80103f10,
803d3e5e,80103f14,
803d3e6a,80103f18,
803d40d4,80103f1c,
803d40d6,80103f20,
803d4262,80103f24,
803d4492,80103f28,
803d4494,80103f2c,
803d44a0,80103f30,
803d44ce,80103f34,
803d4528,80103f38,
803d458e,80103f3c,
803d47ae,80103f40,
803d47c2,80103f44,
803d4934,80103f48,
803d4968,80103f4c,
803d4974,80103f50,
803d4a50,80103f54,
803d4a5a,80103f58,
803d4a76,80103f5c,
803d4aa4,80103f60,
803d4aac,80103f64,
803d4ab0,80103f68,
803d4b0a,80103f6c,
803d4c88,80103f70,
803d4dcc,80103f74,
803d4dd0,80103f78,
803d4df4,80103f7c,
803d4e00,80103f80,
803d4e02,80103f84,
803d4e0e,80103f88,
803d4e12,80103f8c,
803d4e18,80103f90,
803d4e22,80103f94,
803d61a6,80103f98,
803d61aa,80103f9c,
803d61ac,80103fa0,
803d61ae,80103fa4,
803d61b0,80103fa8,
803d61b6,80103fac,
803d61b8,80103fb0,
803d61bc,80103fb4,
803d61c8,80103fb8,
803d6920,80103fbc,
803d6b22,80103fc0,
803d6b26,80103fc4,
803d6b62,80103fc8,
803d6b8e,80103fcc,
803d6bb2,80103fd0,
803d6bb4,80103fd4,
803d6dd4,80103fd8,
803d6e12,80103fdc,
803d6e50,80103fe0,
803d7058,80103fe4,
803d7868,80103fe8,
803d7940,80103fec,
803d7944,80103ff0,
803d79d6,80103ff4,
803d7aea,80103ff8,
803d7b24,80103ffc,
803d7b64,80104000,
803d7b88,80104004,
803d7b90,80104008,
803d7c24,8010400c,
803d7c50,80104010,
803d7c86,80104014,
803d7c92,80104018,
803d7e7e,8010401c,
803d7e82,80104020,
803d7e84,80104024,
803d80cc,80104028,
803d80d4,8010402c,
803d84b2,80104030,
803d84ee,80104034,
803d84f0,80104038,
803d8524,8010403c,
803d8552,80104040,
803d8554,80104044,
803d8560,80104048,
803d8590,8010404c,
803d8596,80104050,
803d85a0,80104054,
803d8642,80104058,
803d864a,8010405c,
803d86c2,80104060,
803d887e,80104064,
803d8f6a,80104068,
803d8f6e,8010406c,
803d967e,80104070,
803d96d0,80104074,
803d9938,80104078,
803daa32,8010407c,
803db67a,80104080,
803db878,80104084,
803dba64,80104088,
803dba6a,8010408c,
803dba6e,80104090,
803dba70,80104094,
803dba8c,80104098,
803dba90,8010409c,
803dbf58,801040a0,
803dc158,801040a4,
803dc168,801040a8,
803dc1b8,801040ac,
803dc1c8,801040b0,
803dc1f0,801040b4,
803dc4c8,801040b8,
803dc58c,801040bc,
803dc5a4,801040c0,
803dc5a8,801040c4,
803dc5ac,801040c8,
803dc5ce,801040cc,
803dc5e0,801040d0,
803dc5fc,801040d4,
803dc604,801040d8,
803dc610,801040dc,
803dc670,801040e0,
803dc8ac,801040e4,
803dc8b2,801040e8,
803dc8b4,801040ec,
803dc8b8,801040f0,
803dca4c,801040f4,
803de8c4,801040f8,
803de8c6,801040fc,
803de8d0,80104100,
803de8e2,80104104,
803de8e4,80104108,
803dec5a,8010410c,
803decae,800ac0f2,FUN_800ac06a
803decae,80104110,
803decaf,800ac0ec,FUN_800ac06a
803decb0,8003f3c0,
803decb2,8003f3c4,
803decb6,800ac126,FUN_800ac06a
803decb7,8003f3e0,
803decbb,800ac100,FUN_800ac06a
803decbc,8003f3cc,
803decbe,800ac144,FUN_800ac06a
803decbf,8003f3f0,
803decc1,800ac12c,FUN_800ac06a
803decc2,8003f3e4,
803decfb,800ac15e,FUN_800ac06a
803decfc,8003f3fc,
803ded00,800ad000,
803ded00,800abd60,FUN_800abcc8
803ded01,800ad000,
803ded01,800abd60,FUN_800abcc8
803ded0a,800ac134,FUN_800ac06a
803ded0b,8003f3e8,
803ded0d,800acf52,
803ded0d,800abcf0,FUN_800abcc8
803ded0e,800acf52,
803ded0e,800abcf0,FUN_800abcc8
803ded17,800ac1da,FUN_800ac06a
803ded18,8003f438,
803ded1b,800ac192,FUN_800ac06a
803ded1c,8003f414,
803ded20,800ac1a2,FUN_800ac06a
803ded21,8003f41c,
803ded29,800ac11e,FUN_800ac06a
803ded2a,8003f3dc,
803ded2e,800ac116,FUN_800ac06a
803ded2f,8003f3d8,
803ded37,800ac0c2,FUN_800ac06a
803ded38,8003f3ac,
803ded3c,800ac0ba,FUN_800ac06a
803ded3d,8003f3a8,
803ded41,800ac1f2,FUN_800ac06a
803ded42,8003f444,
803ded4a,800ac1fa,FUN_800ac06a
803ded4b,8003f448,
803ded4f,800ac202,FUN_800ac06a
803ded50,8003f44c,
803ded54,800ac20a,FUN_800ac06a
803ded55,8003f450,
803ded57,800ac0e4,FUN_800ac06a
803ded58,8003f3bc,
803ded5a,800ac19a,FUN_800ac06a
803ded5b,8003f418,
803ded5d,800ac1b2,FUN_800ac06a
803ded5e,8003f424,
803ded62,800ac1ba,FUN_800ac06a
803ded63,8003f428,
803ded65,800ac1c2,FUN_800ac06a
803ded66,8003f42c,
803ded6e,800ac1e2,FUN_800ac06a
803ded6f,8003f43c,
803ded71,800ac13c,FUN_800ac06a
803ded72,8003f3ec,
803ded74,800ac098,FUN_800ac06a
803ded75,8003f398,
803ded7d,800ac0a0,FUN_800ac06a
803ded7e,8003f39c,
803ded86,800ac10e,FUN_800ac06a
803ded87,8003f3d4,
803ded8b,800ac0f8,FUN_800ac06a
803ded8c,8003f3c8,
803ded8e,800ac182,FUN_800ac06a
803ded8f,800ac18a,FUN_800ac06a
803ded90,8003f410,
803ded94,8003f40c,
803ded96,800ac1d2,FUN_800ac06a
803ded97,8003f434,
803ded99,800ac090,FUN_800ac06a
803ded9a,8003f394,
803ded9a,800ac21a,FUN_800ac06a
803ded9e,800ac07a,FUN_800ac06a
803ded9f,8003f38c,
803ded9f,800ac21a,FUN_800ac06a
803ded9f,800ac298,FUN_800ac06a
803deda0,800ac298,FUN_800ac06a
803deda7,800ac14c,FUN_800ac06a
803deda8,8003f3f4,
803dedaa,800ac106,FUN_800ac06a
803dedab,8003f3d0,
803dedad,800ac0dc,FUN_800ac06a
803dedae,8003f3b8,
803dedb0,800ac0a8,FUN_800ac06a
803dedb1,8003f3a0,
803dedb3,800ac16a,FUN_800ac06a
803dedb4,8003f400,
803dedb6,800ac1ea,FUN_800ac06a
803dedb7,8003f440,
803dedb9,800ac17a,FUN_800ac06a
803dedba,8003f408,
803dedbc,800ac0ca,FUN_800ac06a
803dedbd,8003f3b0,
803dedbf,800ac172,FUN_800ac06a
803dedc0,8003f404,
803dedc2,800ac1ca,FUN_800ac06a
803dedc3,8003f430,
803dedc5,800ac1aa,FUN_800ac06a
803dedc6,8003f420,
803dedf7,800abe58,FUN_800abe2e
803dedf8,800abe58,FUN_800abe2e
803dee17,800abe58,FUN_800abe2e
803def77,800abe52,FUN_800abe2e
803def77,800acf5a,
803def77,800abcf4,FUN_800abcc8
803def78,800abe52,FUN_800abe2e
803def78,800acf5a,
803def78,800abcf4,FUN_800abcc8
803def82,800ac0d2,FUN_800ac06a
803def83,8003f3b4,
803def85,800ac0b0,FUN_800ac06a
803def86,8003f3a4,
803def88,800ac154,FUN_800ac06a
803def89,8003f3f8,
803def8b,800ac086,FUN_800ac06a
803def8c,8003f390,
803def94,800acfcc,
803def94,800ad44e,
803def95,800acfcc,
803def95,800ad44e,
803defa0,80104114,
803df024,800ab1a4,
803df025,800ab1a4,
803df034,8010411c,
803dfa5c,80104120,
803dfa6c,80104124,
803dfa94,80104128,
803dfa9c,8010412c,
803dfba0,80104130,
803dfed4,80104134,
803dfed8,80104138,
803dfee0,8010413c,
803dfee4,80104140,
803dfeec,80104144,
803dfef0,80104148,
803dff40,8010414c,
803e0198,80104150,
803e0210,80104154,
803e0914,80104158,
803e0a54,8010415c,
803e0a6e,80104160,
803e0a70,80104164,
803e0b64,80104168,
803e0b98,8010416c,
803e0bb2,80104170,
803e0bb3,80082cc8,FUN_80082cb4
803e0bb4,80082cc0,FUN_80082cb4
803e0bb6,80104174,
803e0bb8,80104178,
803e0bc4,8010417c,
803e0bdc,80104180,
803e0c04,80104184,
803e0c0a,80104188,
803e0d70,8010418c,
803e0d8a,80104190,
803e0ee8,80104194,
803e11e8,80104198,
803e13d0,8010419c,
803e13d4,801041a0,
803e1414,801041a4,
803e1458,801041a8,
803e145a,801041ac,
803e145c,801041b0,
803e15bc,801041b4,
803e15d4,801041b8,
803e15d6,801041bc,
803e15d8,801041c0,
803e15e8,801041c4,
803e15ea,801041c8,
803e1618,801041cc,
803e1622,801041d0,
803e1624,801041d4,
803e1628,801041d8,
803e162a,801041dc,
803e162c,801041e0,
803e162e,801041e4,
803e18cc,801041e8,
803e1934,801041ec,
803e1938,801041f0,
803e193a,801041f4,
803e1940,801041f8,
803e1946,801041fc,
803e195c,80104200,
803e197c,80104204,
803e199a,80104208,
803e19a0,8010420c,
803e19fc,80104210,
803e1a14,80104214,
803e1a18,80104218,
803e1a40,8010421c,
803e1b14,80104220,
803e1b1c,80104224,
803e1b38,80104228,
803e1b3c,8010422c,
803e1b3e,80104230,
803e1b44,80104234,
803e1b4c,80104238,
803e1b52,8010423c,
803e1b54,80104240,
803e1b60,80104244,
803e1be4,80104248,
803e1c08,8010424c,
803e1c5c,80104250,
803e1c5d,80104254,
803e1c5e,80104258,
803e1c6a,8010425c,
803e1c7e,80104260,
803e1c80,80104264,
803e1c92,80104268,
803e1c94,8010426c,
803e1c9c,80104270,
803e1caa,80104274,
803e1cac,80104278,
803e1cb4,8010427c,
803e1cb6,80104280,
803e1d68,80104284,
803e1d88,80104288,
803e1d90,8010428c,
803e1da0,8003cac8,
803e1da8,8003cab8,
803e1da8,8003caa8,
803e1da8,8003ca98,
803e1da8,8003ca88,
803e1db8,80104290,
803e1dc0,80104294,
803e1e0c,80104298,
803e1e4c,8010429c,
803e1e64,801042a0,
803e1e68,801042a4,
803e1e6c,801042a8,
803e1e74,801042ac,
803e1e78,801042b0,
803e1e90,801042b4,
803e1e94,801042b8,
803e1e96,801042bc,
803e1e98,801042c0,
803e1eba,801042c4,
803e1ec4,801042c8,
803e1ec8,801042cc,
803e1f10,801042d0,
803e1f12,801042d4,
803e1f1c,801042d8,
803e1f28,801042dc,
803e1f2c,801042e0,
803e1f88,801042e4,
803e1ff8,801042e8,
803e20c2,801042ec,
803e20c8,801042f0,
803e20ca,801042f4,
803e20d2,801042f8,
803e2108,801042fc,
803e25ae,80104300,
803e25b6,80104304,
803e2634,80104308,
803e26ac,8010430c,
803e26b2,80104310,
803e26b4,80104314,
803e26dc,80104318,
803e271c,8010431c,
803e2734,80104320,
803e2758,80104324,
803e275a,80104328,
803e2760,8010432c,
803e2774,80104330,
803e277c,80104334,
803e2784,80104338,
803e2c08,8010433c,
803e2c0a,80104340,
803e2c0c,80104344,
803e2d02,80104348,
803e2d03,8010434c,
803e2d04,80104350,
803e2d06,80104354,
803e2d0c,80104358,
803e2d10,8010435c,
803e2d16,80104360,
803e2d18,80104364,
803e2d24,80104368,
803e2f8c,8010436c,
803e3568,80104370,
803e386c,80104374,
803e397c,80104378,
803e3ab8,8010437c,
803e3ac0,80104380,
803e3bac,80104384,
803e3bd0,80104388,
803e3c3c,8010438c,
803fbf6f,800831ee,FUN_800831ba
803fbf6f,80040360,
803fbf70,8009581c,FUN_80095818
803fbf70,80096604,FUN_8009657e
803fbf70,80096632,FUN_8009657e
803fbf70,800900b2,FUN_80090054
803fbf70,8009017a,
803fbf70,800901a6,
803fbf70,8009021c,
803fbf70,8009027c,
803fbf70,800902a0,
803fbf70,80096980,FUN_800968f8
803fbf70,800967ec,
803fbf70,800967d0,
803fbf78,80186436,FUN_80186426
803fbf7c,80186436,FUN_80186426
803fbfff,8000e2f8,
803fff00,8000bc9a,FUN_8000bbbc
803fff00,8000bc8a,FUN_8000bbbc
803fff04,8000bc9a,FUN_8000bbbc
803fffff,80103400,FUN_801033d0
803fffff,8010341e,FUN_801033d0
803fffff,8000e300,
