index,addr,size,file_offset
0,0x803824b8,8,0x3824b8
1,0x803824c0,4,0x3824c0
2,0x803824c4,2,0x3824c4
3,0x803824c6,2,0x3824c6
4,0x803824c8,6,0x3824c8
5,0x803824ce,4,0x3824ce
6,0x803824d2,4,0x3824d2
7,0x803824d6,6,0x3824d6
8,0x803824dc,12,0x3824dc
9,0x803824e8,10,0x3824e8
10,0x803824f2,10,0x3824f2
11,0x803824fc,2,0x3824fc
12,0x803824fe,2,0x3824fe
13,0x80382500,20,0x382500
14,0x80382514,22,0x382514
15,0x8038252a,4,0x38252a
16,0x8038252e,4,0x38252e
17,0x80382532,16,0x382532
18,0x80382542,4,0x382542
19,0x80382546,46,0x382546
20,0x80382574,8,0x382574
21,0x8038257c,60,0x38257c
22,0x803825b8,8,0x3825b8
23,0x803825c0,6,0x3825c0
24,0x803825c6,2,0x3825c6
25,0x803825c8,60,0x3825c8
26,0x80382604,4,0x382604
27,0x80382608,14,0x382608
28,0x80382616,8,0x382616
29,0x8038261e,642,0x38261e
30,0x803828a0,26,0x3828a0
31,0x803828ba,6,0x3828ba
32,0x803828c0,14,0x3828c0
33,0x803828ce,2,0x3828ce
34,0x803828d0,6,0x3828d0
35,0x803828d6,10,0x3828d6
36,0x803828e0,12,0x3828e0
37,0x803828ec,16,0x3828ec
38,0x803828fc,6,0x3828fc
39,0x80382902,70,0x382902
40,0x80382948,4,0x382948
41,0x8038294c,28,0x38294c
42,0x80382968,54,0x382968
43,0x8038299e,526,0x38299e
44,0x80382bac,12,0x382bac
45,0x80382bb8,10,0x382bb8
46,0x80382bc2,50,0x382bc2
47,0x80382bf4,76,0x382bf4
48,0x80382c40,12,0x382c40
49,0x80382c4c,4,0x382c4c
50,0x80382c50,374,0x382c50
51,0x80382dc6,2,0x382dc6
52,0x80382dc8,20,0x382dc8
53,0x80382ddc,2,0x382ddc
54,0x80382dde,36,0x382dde
55,0x80382e02,2,0x382e02
56,0x80382e04,36,0x382e04
57,0x80382e28,2,0x382e28
58,0x80382e2a,4,0x382e2a
59,0x80382e2e,10,0x382e2e
60,0x80382e38,90,0x382e38
61,0x80382e92,18,0x382e92
62,0x80382ea4,82,0x382ea4
63,0x80382ef6,236,0x382ef6
64,0x80382fe2,272,0x382fe2
65,0x803830f2,20,0x3830f2
66,0x80383106,2,0x383106
67,0x80383108,84,0x383108
68,0x8038315c,20,0x38315c
69,0x80383170,2,0x383170
70,0x80383172,18,0x383172
71,0x80383184,4,0x383184
72,0x80383188,26,0x383188
73,0x803831a2,8,0x3831a2
74,0x803831aa,2,0x3831aa
75,0x803831ac,4,0x3831ac
76,0x803831b0,6,0x3831b0
77,0x803831b6,362,0x3831b6
78,0x80383320,2,0x383320
79,0x80383322,42,0x383322
80,0x8038334c,4,0x38334c
81,0x80383350,2,0x383350
82,0x80383352,6,0x383352
83,0x80383358,2,0x383358
84,0x8038335a,2,0x38335a
85,0x8038335c,4,0x38335c
86,0x80383360,2,0x383360
87,0x80383362,12,0x383362
88,0x8038336e,2,0x38336e
89,0x80383370,26,0x383370
90,0x8038338a,22,0x38338a
91,0x803833a0,4,0x3833a0
92,0x803833a4,4,0x3833a4
93,0x803833a8,14,0x3833a8
94,0x803833b6,4,0x3833b6
95,0x803833ba,4,0x3833ba
96,0x803833be,2,0x3833be
97,0x803833c0,60,0x3833c0
98,0x803833fc,4,0x3833fc
99,0x80383400,14,0x383400
100,0x8038340e,26,0x38340e
101,0x80383428,642,0x383428
102,0x803836aa,26,0x3836aa
103,0x803836c4,6,0x3836c4
104,0x803836ca,6,0x3836ca
105,0x803836d0,10,0x3836d0
106,0x803836da,22,0x3836da
107,0x803836f0,16,0x3836f0
108,0x80383700,6,0x383700
109,0x80383706,70,0x383706
110,0x8038374c,26,0x38374c
111,0x80383766,4,0x383766
112,0x8038376a,54,0x38376a
113,0x803837a0,526,0x3837a0
114,0x803839ae,12,0x3839ae
115,0x803839ba,12,0x3839ba
116,0x803839c6,4,0x3839c6
117,0x803839ca,382,0x3839ca
118,0x80383b48,2,0x383b48
119,0x80383b4a,4,0x383b4a
120,0x80383b4e,20,0x383b4e
121,0x80383b62,4,0x383b62
122,0x80383b66,36,0x383b66
123,0x80383b8a,4,0x383b8a
124,0x80383b8e,36,0x383b8e
125,0x80383bb2,2,0x383bb2
126,0x80383bb4,4,0x383bb4
127,0x80383bb8,10,0x383bb8
128,0x80383bc2,108,0x383bc2
129,0x80383c2e,18,0x383c2e
130,0x80383c40,82,0x383c40
131,0x80383c92,272,0x383c92
132,0x80383da2,272,0x383da2
133,0x80383eb2,20,0x383eb2
134,0x80383ec6,2,0x383ec6
135,0x80383ec8,84,0x383ec8
136,0x80383f1c,20,0x383f1c
137,0x80383f30,2,0x383f30
138,0x80383f32,20,0x383f32
139,0x80383f46,4,0x383f46
140,0x80383f4a,26,0x383f4a
141,0x80383f64,8,0x383f64
142,0x80383f6c,2,0x383f6c
143,0x80383f6e,4,0x383f6e
144,0x80383f72,6,0x383f72
145,0x80383f78,362,0x383f78
146,0x803840e2,630,0x3840e2
147,0x80384358,18,0x384358
148,0x8038436a,1028,0x38436a
149,0x8038476e,2,0x38476e
150,0x80384770,398,0x384770
151,0x803848fe,4,0x3848fe
152,0x80384902,2046,0x384902
153,0x80385100,6,0x385100
154,0x80385106,6,0x385106
155,0x8038510c,28,0x38510c
156,0x80385128,4,0x385128
157,0x8038512c,76,0x38512c
158,0x80385178,4,0x385178
159,0x8038517c,56,0x38517c
160,0x803851b4,2,0x3851b4
161,0x803851b6,8,0x3851b6
162,0x803851be,80,0x3851be
163,0x8038520e,60,0x38520e
164,0x8038524a,8,0x38524a
165,0x80385252,54,0x385252
166,0x80385288,4,0x385288
167,0x8038528c,22,0x38528c
168,0x803852a2,2,0x3852a2
169,0x803852a4,980,0x3852a4
170,0x80385678,100,0x385678
171,0x803856dc,1248,0x3856dc
172,0x80385bbc,144,0x385bbc
173,0x80385c4c,2932,0x385c4c
174,0x803867c0,1492,0x3867c0
175,0x80386d94,800,0x386d94
176,0x803870b4,56,0x3870b4
177,0x803870ec,1218,0x3870ec
178,0x803875ae,20,0x3875ae
179,0x803875c2,20,0x3875c2
180,0x803875d6,52,0x3875d6
181,0x8038760a,84,0x38760a
182,0x8038765e,80,0x38765e
183,0x803876ae,2,0x3876ae
184,0x803876b0,2,0x3876b0
185,0x803876b2,184,0x3876b2
186,0x8038776a,26,0x38776a
187,0x80387784,18,0x387784
188,0x80387796,12,0x387796
189,0x803877a2,20,0x3877a2
190,0x803877b6,302,0x3877b6
191,0x803878e4,490,0x3878e4
192,0x80387ace,1166,0x387ace
193,0x80387f5c,112,0x387f5c
194,0x80387fcc,1,0x387fcc
195,0x80387fcd,1,0x387fcd
196,0x80387fce,30,0x387fce
197,0x80387fec,1448,0x387fec
198,0x80388594,48,0x388594
199,0x803885c4,1116,0x3885c4
200,0x80388a20,592,0x388a20
201,0x80388c70,1812,0x388c70
202,0x80389384,128,0x389384
203,0x80389404,104,0x389404
204,0x8038946c,6,0x38946c
205,0x80389472,210,0x389472
206,0x80389544,412,0x389544
207,0x803896e0,12,0x3896e0
208,0x803896ec,380,0x3896ec
209,0x80389868,2504,0x389868
210,0x8038a230,42,0x38a230
211,0x8038a25a,362,0x38a25a
212,0x8038a3c4,4,0x38a3c4
213,0x8038a3c8,332,0x38a3c8
214,0x8038a514,84,0x38a514
215,0x8038a568,132,0x38a568
216,0x8038a5ec,328,0x38a5ec
217,0x8038a734,76,0x38a734
218,0x8038a780,2172,0x38a780
219,0x8038affc,1076,0x38affc
220,0x8038b430,1656,0x38b430
221,0x8038baa8,102462,0x38baa8
222,0x803a4ae6,230,0x3a4ae6
223,0x803a4bcc,232,0x3a4bcc
224,0x803a4cb4,4,0x3a4cb4
225,0x803a4cb8,8,0x3a4cb8
226,0x803a4cc0,8,0x3a4cc0
227,0x803a4cc8,16,0x3a4cc8
228,0x803a4cd8,16,0x3a4cd8
229,0x803a4ce8,1076,0x3a4ce8
230,0x803a511c,114,0x3a511c
231,0x803a518e,8,0x3a518e
232,0x803a5196,136,0x3a5196
233,0x803a521e,2152,0x3a521e
234,0x803a5a86,51232,0x3a5a86
235,0x803b22a6,532,0x3b22a6
236,0x803b24ba,48,0x3b24ba
237,0x803b24ea,2100,0x3b24ea
238,0x803b2d1e,362,0x3b2d1e
239,0x803b2e88,2152,0x3b2e88
240,0x803b36f0,4,0x3b36f0
241,0x803b36f4,2152,0x3b36f4
242,0x803b3f5c,4,0x3b3f5c
243,0x803b3f60,2152,0x3b3f60
244,0x803b47c8,26,0x3b47c8
245,0x803b47e2,6,0x3b47e2
246,0x803b47e8,76,0x3b47e8
247,0x803b4834,1768,0x3b4834
248,0x803b4f1c,64,0x3b4f1c
249,0x803b4f5c,300,0x3b4f5c
250,0x803b5088,424,0x3b5088
251,0x803b5230,96,0x3b5230
252,0x803b5290,16,0x3b5290
253,0x803b52a0,1,0x3b52a0
254,0x803b52a1,1,0x3b52a1
255,0x803b52a2,2,0x3b52a2
256,0x803b52a4,628,0x3b52a4
257,0x803b5518,1124,0x3b5518
258,0x803b597c,40,0x3b597c
259,0x803b59a4,2,0x3b59a4
260,0x803b59a6,150,0x3b59a6
261,0x803b5a3c,264,0x3b5a3c
262,0x803b5b44,44,0x3b5b44
263,0x803b5b70,4,0x3b5b70
264,0x803b5b74,56,0x3b5b74
265,0x803b5bac,28,0x3b5bac
266,0x803b5bc8,20,0x3b5bc8
267,0x803b5bdc,28,0x3b5bdc
268,0x803b5bf8,4,0x3b5bf8
269,0x803b5bfc,5268,0x3b5bfc
270,0x803b7090,1876,0x3b7090
271,0x803b77e4,84,0x3b77e4
272,0x803b7838,4,0x3b7838
273,0x803b783c,4,0x3b783c
274,0x803b7840,8,0x3b7840
275,0x803b7848,12,0x3b7848
276,0x803b7854,3840,0x3b7854
277,0x803b8754,8,0x3b8754
278,0x803b875c,6,0x3b875c
279,0x803b8762,334,0x3b8762
280,0x803b88b0,8,0x3b88b0
281,0x803b88b8,56,0x3b88b8
282,0x803b88f0,4,0x3b88f0
283,0x803b88f4,24,0x3b88f4
284,0x803b890c,1648,0x3b890c
285,0x803b8f7c,276,0x3b8f7c
286,0x803b9090,40,0x3b9090
287,0x803b90b8,64,0x3b90b8
288,0x803b90f8,8,0x3b90f8
289,0x803b9100,312,0x3b9100
290,0x803b9238,12,0x3b9238
291,0x803b9244,136,0x3b9244
292,0x803b92cc,4,0x3b92cc
293,0x803b92d0,2,0x3b92d0
294,0x803b92d2,14,0x3b92d2
295,0x803b92e0,12,0x3b92e0
296,0x803b92ec,276,0x3b92ec
297,0x803b9400,626,0x3b9400
298,0x803b9672,82,0x3b9672
299,0x803b96c4,4,0x3b96c4
300,0x803b96c8,64,0x3b96c8
301,0x803b9708,1492,0x3b9708
302,0x803b9cdc,1220,0x3b9cdc
303,0x803ba1a0,24,0x3ba1a0
304,0x803ba1b8,24,0x3ba1b8
305,0x803ba1d0,204,0x3ba1d0
306,0x803ba29c,2,0x3ba29c
307,0x803ba29e,8,0x3ba29e
308,0x803ba2a6,14,0x3ba2a6
309,0x803ba2b4,8,0x3ba2b4
310,0x803ba2bc,12,0x3ba2bc
311,0x803ba2c8,48,0x3ba2c8
312,0x803ba2f8,4,0x3ba2f8
313,0x803ba2fc,8,0x3ba2fc
314,0x803ba304,52,0x3ba304
315,0x803ba338,52,0x3ba338
316,0x803ba36c,264,0x3ba36c
317,0x803ba474,12,0x3ba474
318,0x803ba480,12,0x3ba480
319,0x803ba48c,262,0x3ba48c
320,0x803ba592,26,0x3ba592
321,0x803ba5ac,6,0x3ba5ac
322,0x803ba5b2,28,0x3ba5b2
323,0x803ba5ce,168,0x3ba5ce
324,0x803ba676,2,0x3ba676
325,0x803ba678,2,0x3ba678
326,0x803ba67a,2,0x3ba67a
327,0x803ba67c,230,0x3ba67c
328,0x803ba762,70,0x3ba762
329,0x803ba7a8,2878,0x3ba7a8
330,0x803bb2e6,160,0x3bb2e6
331,0x803bb386,52,0x3bb386
332,0x803bb3ba,4,0x3bb3ba
333,0x803bb3be,2186,0x3bb3be
334,0x803bbc48,1488,0x3bbc48
335,0x803bc218,22,0x3bc218
336,0x803bc22e,48,0x3bc22e
337,0x803bc25e,48,0x3bc25e
338,0x803bc28e,96,0x3bc28e
339,0x803bc2ee,356,0x3bc2ee
340,0x803bc452,108,0x3bc452
341,0x803bc4be,2,0x3bc4be
342,0x803bc4c0,14,0x3bc4c0
343,0x803bc4ce,258,0x3bc4ce
344,0x803bc5d0,176,0x3bc5d0
345,0x803bc680,62,0x3bc680
346,0x803bc6be,80,0x3bc6be
347,0x803bc70e,6,0x3bc70e
348,0x803bc714,1510,0x3bc714
349,0x803bccfa,144,0x3bccfa
350,0x803bcd8a,96,0x3bcd8a
351,0x803bcdea,46,0x3bcdea
352,0x803bce18,14,0x3bce18
353,0x803bce26,78,0x3bce26
354,0x803bce74,42,0x3bce74
355,0x803bce9e,560,0x3bce9e
356,0x803bd0ce,12,0x3bd0ce
357,0x803bd0da,76,0x3bd0da
358,0x803bd126,14,0x3bd126
359,0x803bd134,10,0x3bd134
360,0x803bd13e,8,0x3bd13e
361,0x803bd146,38,0x3bd146
362,0x803bd16c,174,0x3bd16c
363,0x803bd21a,4,0x3bd21a
364,0x803bd21e,10,0x3bd21e
365,0x803bd228,580,0x3bd228
366,0x803bd46c,12,0x3bd46c
367,0x803bd478,18,0x3bd478
368,0x803bd48a,2,0x3bd48a
369,0x803bd48c,112,0x3bd48c
370,0x803bd4fc,8,0x3bd4fc
371,0x803bd504,34,0x3bd504
372,0x803bd526,3344,0x3bd526
373,0x803be236,776,0x3be236
374,0x803be53e,94,0x3be53e
375,0x803be59c,12,0x3be59c
376,0x803be5a8,8,0x3be5a8
377,0x803be5b0,104,0x3be5b0
378,0x803be618,8,0x3be618
379,0x803be620,10,0x3be620
380,0x803be62a,116,0x3be62a
381,0x803be69e,110,0x3be69e
382,0x803be70c,26,0x3be70c
383,0x803be726,100,0x3be726
384,0x803be78a,10,0x3be78a
385,0x803be794,96,0x3be794
386,0x803be7f4,2,0x3be7f4
387,0x803be7f6,124,0x3be7f6
388,0x803be872,428,0x3be872
389,0x803bea1e,222,0x3bea1e
390,0x803beafc,630,0x3beafc
391,0x803bed72,56,0x3bed72
392,0x803bedaa,366,0x3bedaa
393,0x803bef18,260,0x3bef18
394,0x803bf01c,10,0x3bf01c
395,0x803bf026,5192,0x3bf026
396,0x803c046e,398,0x3c046e
397,0x803c05fc,2,0x3c05fc
398,0x803c05fe,312,0x3c05fe
399,0x803c0736,50,0x3c0736
400,0x803c0768,12,0x3c0768
401,0x803c0774,34,0x3c0774
402,0x803c0796,6,0x3c0796
403,0x803c079c,100,0x3c079c
404,0x803c0800,658,0x3c0800
405,0x803c0a92,20,0x3c0a92
406,0x803c0aa6,280,0x3c0aa6
407,0x803c0bbe,84,0x3c0bbe
408,0x803c0c12,12,0x3c0c12
409,0x803c0c1e,38,0x3c0c1e
410,0x803c0c44,42,0x3c0c44
411,0x803c0c6e,112,0x3c0c6e
412,0x803c0cde,4,0x3c0cde
413,0x803c0ce2,2,0x3c0ce2
414,0x803c0ce4,2,0x3c0ce4
415,0x803c0ce6,2,0x3c0ce6
416,0x803c0ce8,10,0x3c0ce8
417,0x803c0cf2,218,0x3c0cf2
418,0x803c0dcc,4,0x3c0dcc
419,0x803c0dd0,658,0x3c0dd0
420,0x803c1062,260,0x3c1062
421,0x803c1166,300,0x3c1166
422,0x803c1292,1184,0x3c1292
423,0x803c1732,70,0x3c1732
424,0x803c1778,20,0x3c1778
425,0x803c178c,132,0x3c178c
426,0x803c1810,3010,0x3c1810
427,0x803c23d2,1208,0x3c23d2
428,0x803c288a,978,0x3c288a
429,0x803c2c5c,68,0x3c2c5c
430,0x803c2ca0,6,0x3c2ca0
431,0x803c2ca6,4,0x3c2ca6
432,0x803c2caa,76,0x3c2caa
433,0x803c2cf6,12,0x3c2cf6
434,0x803c2d02,50,0x3c2d02
435,0x803c2d34,994,0x3c2d34
436,0x803c3116,538,0x3c3116
437,0x803c3330,82,0x3c3330
438,0x803c3382,2,0x3c3382
439,0x803c3384,122,0x3c3384
440,0x803c33fe,16,0x3c33fe
441,0x803c340e,36,0x3c340e
442,0x803c3432,66,0x3c3432
443,0x803c3474,2,0x3c3474
444,0x803c3476,4,0x3c3476
445,0x803c347a,20,0x3c347a
446,0x803c348e,88,0x3c348e
447,0x803c34e6,2,0x3c34e6
448,0x803c34e8,58,0x3c34e8
449,0x803c3522,114,0x3c3522
450,0x803c3594,2,0x3c3594
451,0x803c3596,18,0x3c3596
452,0x803c35a8,226,0x3c35a8
453,0x803c368a,42,0x3c368a
454,0x803c36b4,34,0x3c36b4
455,0x803c36d6,136,0x3c36d6
456,0x803c375e,18,0x3c375e
457,0x803c3770,40,0x3c3770
458,0x803c3798,4,0x3c3798
459,0x803c379c,16,0x3c379c
460,0x803c37ac,280,0x3c37ac
461,0x803c38c4,220,0x3c38c4
462,0x803c39a0,256,0x3c39a0
463,0x803c3aa0,2,0x3c3aa0
464,0x803c3aa2,18,0x3c3aa2
465,0x803c3ab4,90,0x3c3ab4
466,0x803c3b0e,6,0x3c3b0e
467,0x803c3b14,10,0x3c3b14
468,0x803c3b1e,8,0x3c3b1e
469,0x803c3b26,52,0x3c3b26
470,0x803c3b5a,10,0x3c3b5a
471,0x803c3b64,192,0x3c3b64
472,0x803c3c24,26,0x3c3c24
473,0x803c3c3e,6,0x3c3c3e
474,0x803c3c44,48,0x3c3c44
475,0x803c3c74,108,0x3c3c74
476,0x803c3ce0,4,0x3c3ce0
477,0x803c3ce4,68,0x3c3ce4
478,0x803c3d28,76,0x3c3d28
479,0x803c3d74,6,0x3c3d74
480,0x803c3d7a,178,0x3c3d7a
481,0x803c3e2c,744,0x3c3e2c
482,0x803c4114,6,0x3c4114
483,0x803c411a,6,0x3c411a
484,0x803c4120,58,0x3c4120
485,0x803c415a,72,0x3c415a
486,0x803c41a2,92,0x3c41a2
487,0x803c41fe,2,0x3c41fe
488,0x803c4200,4,0x3c4200
489,0x803c4204,42,0x3c4204
490,0x803c422e,2,0x3c422e
491,0x803c4230,12,0x3c4230
492,0x803c423c,6,0x3c423c
493,0x803c4242,10,0x3c4242
494,0x803c424c,6,0x3c424c
495,0x803c4252,240,0x3c4252
496,0x803c4342,2,0x3c4342
497,0x803c4344,2,0x3c4344
498,0x803c4346,62,0x3c4346
499,0x803c4384,56,0x3c4384
500,0x803c43bc,8,0x3c43bc
501,0x803c43c4,88,0x3c43c4
502,0x803c441c,6,0x3c441c
503,0x803c4422,260,0x3c4422
504,0x803c4526,1496,0x3c4526
505,0x803c4afe,74,0x3c4afe
506,0x803c4b48,150,0x3c4b48
507,0x803c4bde,1894,0x3c4bde
508,0x803c5344,3464,0x3c5344
509,0x803c60cc,92,0x3c60cc
510,0x803c6128,278,0x3c6128
511,0x803c623e,26,0x3c623e
512,0x803c6258,84,0x3c6258
513,0x803c62ac,138,0x3c62ac
514,0x803c6336,6,0x3c6336
515,0x803c633c,6,0x3c633c
516,0x803c6342,32,0x3c6342
517,0x803c6362,4,0x3c6362
518,0x803c6366,82,0x3c6366
519,0x803c63b8,4,0x3c63b8
520,0x803c63bc,18,0x3c63bc
521,0x803c63ce,24,0x3c63ce
522,0x803c63e6,90,0x3c63e6
523,0x803c6440,46,0x3c6440
524,0x803c646e,26,0x3c646e
525,0x803c6488,26,0x3c6488
526,0x803c64a2,18,0x3c64a2
527,0x803c64b4,48,0x3c64b4
528,0x803c64e4,4,0x3c64e4
529,0x803c64e8,6,0x3c64e8
530,0x803c64ee,2,0x3c64ee
531,0x803c64f0,376,0x3c64f0
532,0x803c6668,20,0x3c6668
533,0x803c667c,1,0x3c667c
534,0x803c667d,1,0x3c667d
535,0x803c667e,6,0x3c667e
536,0x803c6684,50,0x3c6684
537,0x803c66b6,34,0x3c66b6
538,0x803c66d8,8,0x3c66d8
539,0x803c66e0,4,0x3c66e0
540,0x803c66e4,14,0x3c66e4
541,0x803c66f2,2,0x3c66f2
542,0x803c66f4,10,0x3c66f4
543,0x803c66fe,94,0x3c66fe
544,0x803c675c,2,0x3c675c
545,0x803c675e,198,0x3c675e
546,0x803c6824,2,0x3c6824
547,0x803c6826,14,0x3c6826
548,0x803c6834,426,0x3c6834
549,0x803c69de,2,0x3c69de
550,0x803c69e0,4,0x3c69e0
551,0x803c69e4,36,0x3c69e4
552,0x803c6a08,2,0x3c6a08
553,0x803c6a0a,54,0x3c6a0a
554,0x803c6a40,26,0x3c6a40
555,0x803c6a5a,726,0x3c6a5a
556,0x803c6d30,28,0x3c6d30
557,0x803c6d4c,174,0x3c6d4c
558,0x803c6dfa,1678,0x3c6dfa
559,0x803c7488,4210,0x3c7488
560,0x803c84fa,308,0x3c84fa
561,0x803c862e,5692,0x3c862e
562,0x803c9c6a,640,0x3c9c6a
563,0x803c9eea,108,0x3c9eea
564,0x803c9f56,10,0x3c9f56
565,0x803c9f60,54,0x3c9f60
566,0x803c9f96,2,0x3c9f96
567,0x803c9f98,34,0x3c9f98
568,0x803c9fba,26,0x3c9fba
569,0x803c9fd4,184,0x3c9fd4
570,0x803ca08c,48,0x3ca08c
571,0x803ca0bc,1080,0x3ca0bc
572,0x803ca4f4,194,0x3ca4f4
573,0x803ca5b6,16,0x3ca5b6
574,0x803ca5c6,114,0x3ca5c6
575,0x803ca638,4,0x3ca638
576,0x803ca63c,74,0x3ca63c
577,0x803ca686,8,0x3ca686
578,0x803ca68e,6,0x3ca68e
579,0x803ca694,74,0x3ca694
580,0x803ca6de,390,0x3ca6de
581,0x803ca864,30,0x3ca864
582,0x803ca882,404,0x3ca882
583,0x803caa16,82,0x3caa16
584,0x803caa68,34,0x3caa68
585,0x803caa8a,46,0x3caa8a
586,0x803caab8,72,0x3caab8
587,0x803cab00,2,0x3cab00
588,0x803cab02,22,0x3cab02
589,0x803cab18,1496,0x3cab18
590,0x803cb0f0,50,0x3cb0f0
591,0x803cb122,250,0x3cb122
592,0x803cb21c,634,0x3cb21c
593,0x803cb496,26,0x3cb496
594,0x803cb4b0,20,0x3cb4b0
595,0x803cb4c4,18,0x3cb4c4
596,0x803cb4d6,12,0x3cb4d6
597,0x803cb4e2,10,0x3cb4e2
598,0x803cb4ec,14,0x3cb4ec
599,0x803cb4fa,134,0x3cb4fa
600,0x803cb580,18,0x3cb580
601,0x803cb592,76,0x3cb592
602,0x803cb5de,1104,0x3cb5de
603,0x803cba2e,102,0x3cba2e
604,0x803cba94,16,0x3cba94
605,0x803cbaa4,4,0x3cbaa4
606,0x803cbaa8,10,0x3cbaa8
607,0x803cbab2,1624,0x3cbab2
608,0x803cc10a,128,0x3cc10a
609,0x803cc18a,154,0x3cc18a
610,0x803cc224,244,0x3cc224
611,0x803cc318,68,0x3cc318
612,0x803cc35c,2,0x3cc35c
613,0x803cc35e,4,0x3cc35e
614,0x803cc362,8,0x3cc362
615,0x803cc36a,2,0x3cc36a
616,0x803cc36c,2,0x3cc36c
617,0x803cc36e,34,0x3cc36e
618,0x803cc390,70,0x3cc390
619,0x803cc3d6,6,0x3cc3d6
620,0x803cc3dc,6,0x3cc3dc
621,0x803cc3e2,2,0x3cc3e2
622,0x803cc3e4,16,0x3cc3e4
623,0x803cc3f4,948,0x3cc3f4
624,0x803cc7a8,32,0x3cc7a8
625,0x803cc7c8,46,0x3cc7c8
626,0x803cc7f6,164,0x3cc7f6
627,0x803cc89a,1662,0x3cc89a
628,0x803ccf18,148,0x3ccf18
629,0x803ccfac,4,0x3ccfac
630,0x803ccfb0,64,0x3ccfb0
631,0x803ccff0,482,0x3ccff0
632,0x803cd1d2,24,0x3cd1d2
633,0x803cd1ea,186,0x3cd1ea
634,0x803cd2a4,2,0x3cd2a4
635,0x803cd2a6,6,0x3cd2a6
636,0x803cd2ac,4,0x3cd2ac
637,0x803cd2b0,584,0x3cd2b0
638,0x803cd4f8,910,0x3cd4f8
639,0x803cd886,3142,0x3cd886
640,0x803ce4cc,10,0x3ce4cc
641,0x803ce4d6,602,0x3ce4d6
642,0x803ce730,58,0x3ce730
643,0x803ce76a,2046,0x3ce76a
644,0x803cef68,380,0x3cef68
645,0x803cf0e4,336,0x3cf0e4
646,0x803cf234,2008,0x3cf234
647,0x803cfa0c,9436,0x3cfa0c
648,0x803d1ee8,954,0x3d1ee8
649,0x803d22a2,2,0x3d22a2
650,0x803d22a4,1630,0x3d22a4
651,0x803d2902,404,0x3d2902
652,0x803d2a96,34,0x3d2a96
653,0x803d2ab8,104,0x3d2ab8
654,0x803d2b20,298,0x3d2b20
655,0x803d2c4a,382,0x3d2c4a
656,0x803d2dc8,30,0x3d2dc8
657,0x803d2de6,142,0x3d2de6
658,0x803d2e74,530,0x3d2e74
659,0x803d3086,98,0x3d3086
660,0x803d30e8,176,0x3d30e8
661,0x803d3198,116,0x3d3198
662,0x803d320c,326,0x3d320c
663,0x803d3352,12,0x3d3352
664,0x803d335e,4,0x3d335e
665,0x803d3362,512,0x3d3362
666,0x803d3562,518,0x3d3562
667,0x803d3768,68,0x3d3768
668,0x803d37ac,54,0x3d37ac
669,0x803d37e2,2,0x3d37e2
670,0x803d37e4,102,0x3d37e4
671,0x803d384a,16,0x3d384a
672,0x803d385a,34,0x3d385a
673,0x803d387c,16,0x3d387c
674,0x803d388c,596,0x3d388c
675,0x803d3ae0,4,0x3d3ae0
676,0x803d3ae4,2,0x3d3ae4
677,0x803d3ae6,2,0x3d3ae6
678,0x803d3ae8,2,0x3d3ae8
679,0x803d3aea,2,0x3d3aea
680,0x803d3aec,2,0x3d3aec
681,0x803d3aee,6,0x3d3aee
682,0x803d3af4,748,0x3d3af4
683,0x803d3de0,126,0x3d3de0
684,0x803d3e5e,12,0x3d3e5e
685,0x803d3e6a,618,0x3d3e6a
686,0x803d40d4,2,0x3d40d4
687,0x803d40d6,396,0x3d40d6
688,0x803d4262,560,0x3d4262
689,0x803d4492,2,0x3d4492
690,0x803d4494,12,0x3d4494
691,0x803d44a0,46,0x3d44a0
692,0x803d44ce,90,0x3d44ce
693,0x803d4528,102,0x3d4528
694,0x803d458e,544,0x3d458e
695,0x803d47ae,20,0x3d47ae
696,0x803d47c2,370,0x3d47c2
697,0x803d4934,52,0x3d4934
698,0x803d4968,12,0x3d4968
699,0x803d4974,220,0x3d4974
700,0x803d4a50,10,0x3d4a50
701,0x803d4a5a,28,0x3d4a5a
702,0x803d4a76,46,0x3d4a76
703,0x803d4aa4,8,0x3d4aa4
704,0x803d4aac,4,0x3d4aac
705,0x803d4ab0,90,0x3d4ab0
706,0x803d4b0a,382,0x3d4b0a
707,0x803d4c88,324,0x3d4c88
708,0x803d4dcc,4,0x3d4dcc
709,0x803d4dd0,36,0x3d4dd0
710,0x803d4df4,12,0x3d4df4
711,0x803d4e00,2,0x3d4e00
712,0x803d4e02,12,0x3d4e02
713,0x803d4e0e,4,0x3d4e0e
714,0x803d4e12,6,0x3d4e12
715,0x803d4e18,10,0x3d4e18
716,0x803d4e22,4996,0x3d4e22
717,0x803d61a6,4,0x3d61a6
718,0x803d61aa,2,0x3d61aa
719,0x803d61ac,2,0x3d61ac
720,0x803d61ae,2,0x3d61ae
721,0x803d61b0,6,0x3d61b0
722,0x803d61b6,2,0x3d61b6
723,0x803d61b8,4,0x3d61b8
724,0x803d61bc,12,0x3d61bc
725,0x803d61c8,1880,0x3d61c8
726,0x803d6920,514,0x3d6920
727,0x803d6b22,4,0x3d6b22
728,0x803d6b26,60,0x3d6b26
729,0x803d6b62,44,0x3d6b62
730,0x803d6b8e,36,0x3d6b8e
731,0x803d6bb2,2,0x3d6bb2
732,0x803d6bb4,544,0x3d6bb4
733,0x803d6dd4,62,0x3d6dd4
734,0x803d6e12,62,0x3d6e12
735,0x803d6e50,520,0x3d6e50
736,0x803d7058,2064,0x3d7058
737,0x803d7868,216,0x3d7868
738,0x803d7940,4,0x3d7940
739,0x803d7944,146,0x3d7944
740,0x803d79d6,276,0x3d79d6
741,0x803d7aea,58,0x3d7aea
742,0x803d7b24,64,0x3d7b24
743,0x803d7b64,36,0x3d7b64
744,0x803d7b88,8,0x3d7b88
745,0x803d7b90,148,0x3d7b90
746,0x803d7c24,44,0x3d7c24
747,0x803d7c50,54,0x3d7c50
748,0x803d7c86,12,0x3d7c86
749,0x803d7c92,492,0x3d7c92
750,0x803d7e7e,4,0x3d7e7e
751,0x803d7e82,2,0x3d7e82
752,0x803d7e84,584,0x3d7e84
753,0x803d80cc,8,0x3d80cc
754,0x803d80d4,990,0x3d80d4
755,0x803d84b2,60,0x3d84b2
756,0x803d84ee,2,0x3d84ee
757,0x803d84f0,52,0x3d84f0
758,0x803d8524,46,0x3d8524
759,0x803d8552,2,0x3d8552
760,0x803d8554,12,0x3d8554
761,0x803d8560,48,0x3d8560
762,0x803d8590,6,0x3d8590
763,0x803d8596,10,0x3d8596
764,0x803d85a0,162,0x3d85a0
765,0x803d8642,8,0x3d8642
766,0x803d864a,120,0x3d864a
767,0x803d86c2,444,0x3d86c2
768,0x803d887e,1772,0x3d887e
769,0x803d8f6a,4,0x3d8f6a
770,0x803d8f6e,1808,0x3d8f6e
771,0x803d967e,82,0x3d967e
772,0x803d96d0,616,0x3d96d0
773,0x803d9938,4346,0x3d9938
774,0x803daa32,3144,0x3daa32
775,0x803db67a,510,0x3db67a
776,0x803db878,492,0x3db878
777,0x803dba64,6,0x3dba64
778,0x803dba6a,4,0x3dba6a
779,0x803dba6e,2,0x3dba6e
780,0x803dba70,28,0x3dba70
781,0x803dba8c,4,0x3dba8c
782,0x803dba90,1224,0x3dba90
783,0x803dbf58,512,0x3dbf58
784,0x803dc158,16,0x3dc158
785,0x803dc168,80,0x3dc168
786,0x803dc1b8,16,0x3dc1b8
787,0x803dc1c8,40,0x3dc1c8
788,0x803dc1f0,728,0x3dc1f0
789,0x803dc4c8,196,0x3dc4c8
790,0x803dc58c,24,0x3dc58c
791,0x803dc5a4,4,0x3dc5a4
792,0x803dc5a8,4,0x3dc5a8
793,0x803dc5ac,34,0x3dc5ac
794,0x803dc5ce,18,0x3dc5ce
795,0x803dc5e0,28,0x3dc5e0
796,0x803dc5fc,8,0x3dc5fc
797,0x803dc604,12,0x3dc604
798,0x803dc610,96,0x3dc610
799,0x803dc670,572,0x3dc670
800,0x803dc8ac,6,0x3dc8ac
801,0x803dc8b2,2,0x3dc8b2
802,0x803dc8b4,4,0x3dc8b4
803,0x803dc8b8,404,0x3dc8b8
804,0x803dca4c,7800,0x3dca4c
805,0x803de8c4,2,0x3de8c4
806,0x803de8c6,10,0x3de8c6
807,0x803de8d0,18,0x3de8d0
808,0x803de8e2,2,0x3de8e2
809,0x803de8e4,886,0x3de8e4
810,0x803dec5a,84,0x3dec5a
811,0x803decae,754,0x3decae
812,0x803defa0,138,0x3defa0
813,0x803df02a,10,0x3df02a
814,0x803df034,2600,0x3df034
815,0x803dfa5c,16,0x3dfa5c
816,0x803dfa6c,40,0x3dfa6c
817,0x803dfa94,8,0x3dfa94
818,0x803dfa9c,260,0x3dfa9c
819,0x803dfba0,820,0x3dfba0
820,0x803dfed4,4,0x3dfed4
821,0x803dfed8,8,0x3dfed8
822,0x803dfee0,4,0x3dfee0
823,0x803dfee4,8,0x3dfee4
824,0x803dfeec,4,0x3dfeec
825,0x803dfef0,80,0x3dfef0
826,0x803dff40,600,0x3dff40
827,0x803e0198,120,0x3e0198
828,0x803e0210,1796,0x3e0210
829,0x803e0914,320,0x3e0914
830,0x803e0a54,26,0x3e0a54
831,0x803e0a6e,2,0x3e0a6e
832,0x803e0a70,244,0x3e0a70
833,0x803e0b64,52,0x3e0b64
834,0x803e0b98,26,0x3e0b98
835,0x803e0bb2,4,0x3e0bb2
836,0x803e0bb6,2,0x3e0bb6
837,0x803e0bb8,12,0x3e0bb8
838,0x803e0bc4,24,0x3e0bc4
839,0x803e0bdc,40,0x3e0bdc
840,0x803e0c04,6,0x3e0c04
841,0x803e0c0a,358,0x3e0c0a
842,0x803e0d70,26,0x3e0d70
843,0x803e0d8a,350,0x3e0d8a
844,0x803e0ee8,768,0x3e0ee8
845,0x803e11e8,488,0x3e11e8
846,0x803e13d0,4,0x3e13d0
847,0x803e13d4,64,0x3e13d4
848,0x803e1414,68,0x3e1414
849,0x803e1458,2,0x3e1458
850,0x803e145a,2,0x3e145a
851,0x803e145c,352,0x3e145c
852,0x803e15bc,24,0x3e15bc
853,0x803e15d4,2,0x3e15d4
854,0x803e15d6,2,0x3e15d6
855,0x803e15d8,16,0x3e15d8
856,0x803e15e8,2,0x3e15e8
857,0x803e15ea,46,0x3e15ea
858,0x803e1618,10,0x3e1618
859,0x803e1622,2,0x3e1622
860,0x803e1624,4,0x3e1624
861,0x803e1628,2,0x3e1628
862,0x803e162a,2,0x3e162a
863,0x803e162c,2,0x3e162c
864,0x803e162e,670,0x3e162e
865,0x803e18cc,104,0x3e18cc
866,0x803e1934,4,0x3e1934
867,0x803e1938,2,0x3e1938
868,0x803e193a,6,0x3e193a
869,0x803e1940,6,0x3e1940
870,0x803e1946,22,0x3e1946
871,0x803e195c,32,0x3e195c
872,0x803e197c,30,0x3e197c
873,0x803e199a,6,0x3e199a
874,0x803e19a0,92,0x3e19a0
875,0x803e19fc,24,0x3e19fc
876,0x803e1a14,4,0x3e1a14
877,0x803e1a18,40,0x3e1a18
878,0x803e1a40,212,0x3e1a40
879,0x803e1b14,8,0x3e1b14
880,0x803e1b1c,28,0x3e1b1c
881,0x803e1b38,4,0x3e1b38
882,0x803e1b3c,2,0x3e1b3c
883,0x803e1b3e,6,0x3e1b3e
884,0x803e1b44,8,0x3e1b44
885,0x803e1b4c,6,0x3e1b4c
886,0x803e1b52,2,0x3e1b52
887,0x803e1b54,12,0x3e1b54
888,0x803e1b60,132,0x3e1b60
889,0x803e1be4,36,0x3e1be4
890,0x803e1c08,84,0x3e1c08
891,0x803e1c5c,1,0x3e1c5c
892,0x803e1c5d,1,0x3e1c5d
893,0x803e1c5e,12,0x3e1c5e
894,0x803e1c6a,20,0x3e1c6a
895,0x803e1c7e,2,0x3e1c7e
896,0x803e1c80,18,0x3e1c80
897,0x803e1c92,2,0x3e1c92
898,0x803e1c94,8,0x3e1c94
899,0x803e1c9c,14,0x3e1c9c
900,0x803e1caa,2,0x3e1caa
901,0x803e1cac,8,0x3e1cac
902,0x803e1cb4,2,0x3e1cb4
903,0x803e1cb6,178,0x3e1cb6
904,0x803e1d68,32,0x3e1d68
905,0x803e1d88,8,0x3e1d88
906,0x803e1d90,40,0x3e1d90
907,0x803e1db8,8,0x3e1db8
908,0x803e1dc0,76,0x3e1dc0
909,0x803e1e0c,64,0x3e1e0c
910,0x803e1e4c,24,0x3e1e4c
911,0x803e1e64,4,0x3e1e64
912,0x803e1e68,4,0x3e1e68
913,0x803e1e6c,8,0x3e1e6c
914,0x803e1e74,4,0x3e1e74
915,0x803e1e78,24,0x3e1e78
916,0x803e1e90,4,0x3e1e90
917,0x803e1e94,2,0x3e1e94
918,0x803e1e96,2,0x3e1e96
919,0x803e1e98,34,0x3e1e98
920,0x803e1eba,10,0x3e1eba
921,0x803e1ec4,4,0x3e1ec4
922,0x803e1ec8,72,0x3e1ec8
923,0x803e1f10,2,0x3e1f10
924,0x803e1f12,10,0x3e1f12
925,0x803e1f1c,12,0x3e1f1c
926,0x803e1f28,4,0x3e1f28
927,0x803e1f2c,92,0x3e1f2c
928,0x803e1f88,112,0x3e1f88
929,0x803e1ff8,202,0x3e1ff8
930,0x803e20c2,6,0x3e20c2
931,0x803e20c8,2,0x3e20c8
932,0x803e20ca,8,0x3e20ca
933,0x803e20d2,54,0x3e20d2
934,0x803e2108,1190,0x3e2108
935,0x803e25ae,8,0x3e25ae
936,0x803e25b6,126,0x3e25b6
937,0x803e2634,120,0x3e2634
938,0x803e26ac,6,0x3e26ac
939,0x803e26b2,2,0x3e26b2
940,0x803e26b4,40,0x3e26b4
941,0x803e26dc,64,0x3e26dc
942,0x803e271c,24,0x3e271c
943,0x803e2734,36,0x3e2734
944,0x803e2758,2,0x3e2758
945,0x803e275a,6,0x3e275a
946,0x803e2760,20,0x3e2760
947,0x803e2774,8,0x3e2774
948,0x803e277c,8,0x3e277c
949,0x803e2784,1156,0x3e2784
950,0x803e2c08,2,0x3e2c08
951,0x803e2c0a,2,0x3e2c0a
952,0x803e2c0c,246,0x3e2c0c
953,0x803e2d02,1,0x3e2d02
954,0x803e2d03,1,0x3e2d03
955,0x803e2d04,2,0x3e2d04
956,0x803e2d06,6,0x3e2d06
957,0x803e2d0c,4,0x3e2d0c
958,0x803e2d10,6,0x3e2d10
959,0x803e2d16,2,0x3e2d16
960,0x803e2d18,12,0x3e2d18
961,0x803e2d24,616,0x3e2d24
962,0x803e2f8c,1500,0x3e2f8c
963,0x803e3568,772,0x3e3568
964,0x803e386c,272,0x3e386c
965,0x803e397c,316,0x3e397c
966,0x803e3ab8,8,0x3e3ab8
967,0x803e3ac0,236,0x3e3ac0
968,0x803e3bac,36,0x3e3bac
969,0x803e3bd0,108,0x3e3bd0
970,0x803e3c3c,,0x3e3c3c
