address,name,type,comment,source
0x0000a904,veh_ref_speed_calc,FUNCTION,"Wheel-speed -> vehicle reference-speed processor. Computes ref speed (0.125 km/h/bit) from 4 wheel speeds (median/avg), clamps to +-0x7ff. HARDCODES the 15 km/h ACC/ECD speed gate: @0xd1bc/0xd1c8 cmp Rn,#0x78 (=120=15.0 km/h) with 25 km/h engage (0xc8) hysteresis, driving flag_speed_status bit2.",re-trace
0x00005bfc,can_tx_scheduler,FUNCTION,CAN TX scheduler: iterates message-object descriptors and calls can_tx_dispatch per message.,re-trace
0x000a2428,arm_thumb_call_veneer,FUNCTION,"ARM<->Thumb interworking call veneer (mov r12,r4; bx r12) — NOT the CAN packer. Generic __gnu-style veneer.",re-trace
0x00006b00,com_signal_compose,FUNCTION,Generic COM composer: unpacks internal status words into per-signal RAM bytes incl the ESP_05 signal bytes esp05_sig_* (0x405e81-98). Table/pointer driven.,re-trace
0x0000525c,esp_msg_pack_525c,FUNCTION,Reads ESP_05 signal bytes 0x405e89-96; computes derived availability signals + packs/transmits.,re-trace
0x00003458,esp_msg_pack_3458,FUNCTION,Reads ESP_05 signal bytes 0x405e82/84/85/86 (low signals).,re-trace
0x0005b38c,status_assembler_5b38c,FUNCTION,Consumer of flag_speed_status (0x403f9e); status/availability assembly.,re-trace
0x000474bc,status_assembler_474bc,FUNCTION,Reads flag_speed_status (0x403f9e); assembles a status byte from many flags.,re-trace
0x00403ec2,veh_motion_struct,LABEL,Vehicle-motion struct base (DAT_0000a88c/a890 group). +0x76 = veh_ref_speed (0.125 km/h).,re-trace
0x00403f38,veh_ref_speed,LABEL,"Vehicle reference speed, signed, 0.125 km/h/bit (veh_motion_struct+0x76). Written by veh_ref_speed_calc.",re-trace
0x00403f9e,flag_speed_status,LABEL,"Vehicle-speed status flag byte (DAT_0000a890). bit2 = speed-above-threshold hysteresis: SET >25 km/h (0xc8), CLEAR <15 km/h (0x78). Set/cleared in veh_ref_speed_calc @0xd1ac/0xd1b4/0xd238.",re-trace
0x00400830,wheel_speed_0,LABEL,"Wheel speed array 0 (DAT_0000a8c0 base; +0x2a0 = validity word, bit23).",re-trace
0x00401418,wheel_speed_1,LABEL,Wheel speed array 1 (DAT_0000a8bc).,re-trace
0x00401a0c,wheel_speed_2,LABEL,Wheel speed array 2 (DAT_0000a8b8).,re-trace
0x00400e24,wheel_speed_3,LABEL,Wheel speed array 3 (DAT_0000a8b4).,re-trace
0x00405e81,esp05_sig_base,LABEL,ESP_05 (CAN 0x106) per-signal storage base (0x405e81-0x405e98). ECD_nicht_verfuegbar=byte4 bit1. Written by com_signal_compose.,re-trace
0x000b33cc,can_msgtab_esp05_group,LABEL,"CAN message->descriptor table group containing {id=0x106,ptr=0x86ab} (ESP_05).",re-trace
0x000afae0,can_id_array,LABEL,Flat u32 array of all CAN message IDs the ESP handles (message-index -> id). 0x106 @0xafb08.,re-trace
0x000a6c8,esp05_status_route_a6c8,FUNCTION,Wrapper -> FUN_0009c8c0 generic COM copy; routes app status into the ESP_05 status source struct esp05_status_src (0x405f68).,re-trace
0x0009c8c0,com_signal_route_copy,FUNCTION,"Generic COM signal copy/route (dest,src,len). Populates signal buffers from application status vars.",re-trace
0x00405f68,esp05_status_src,LABEL,ESP_05 byte4-status SOURCE struct. com_signal_compose reads +0..+6 (0x405f68-6e) and unpacks bits into esp05 sig bytes. +5 (0x405f6d) bit4 -> esp05 sig 0x405e90.,re-trace
0x00405e90,esp05_sig_0x405e90,LABEL,ESP_05 signal byte = bit4 of esp05_status_src+5 (0x405f6d). Candidate ECD_nicht_verfuegbar (byte4 bit1) — NOT byte-level confirmed (pack bit-map undecoded).,re-trace
0x000844fc,ecd_speed_gate,FUNCTION,"THE 15 km/h ECD gate (drives ECD_nicht_verfuegbar). Reads axle_speed_front(0x4022a2)+axle_speed_rear(0x402482) in 0.125 km/h/bit. Guard: if esp_ctrl_status.bit12 clear (or the substate/fault guards fail) -> clear flag_ecd_speed_avail immediately. Else: when BOTH speeds < 0x78 (=15.0 km/h; cmp @0x845fc/0x84608), count ecd_avail_debounce down from 0x1e(30) then CLEAR flag_ecd_speed_avail bit6; when either >= 0x78, reload debounce and keep the flag. ROUTE MAPPING: this is what makes ECD_nicht_verfuegbar flip 0->1 at exactly 15.0-15.2 km/h -> both the ~2s cutoff (car decelerates through 15) and the non-engagement (request arrives already <15).",re-trace
0x00403da9,flag_ecd_speed_avail,LABEL,"ECD speed-available flag byte. bit6 (0x40) = vehicle speed >= 15 km/h (clean threshold w/ ~30-cycle debounce, NO 25 km/h hysteresis). Written by ecd_speed_gate (0x844fc); gates ecd_decel_pressure_calc (0x6de38).",re-trace
0x0006de38,ecd_decel_pressure_calc,FUNCTION,"Comfort-ECD (mode-2) pressure executor. Sets ecd_ctrl_struct(0x403a14) phase timing {0x14,5,3,7}; loads a default ramp 300/300/500/0x834/0xc80/8000 into ecd_setpoint_struct(0x403d8c)+8..+0x12. THE GATE: `if ((*flag_ecd_speed_avail & 0x40)==0)` (speed<15 km/h) -> ZEROS setpoints +8/+0xa/+0xc/+0x14 => comfort braking releases below 15. Else looks up ecd_pressure_curve(0xaeb60) via interp_lookup indexed by ecd_decel_request_mag(0x403a7c), applies a 500-unit floor when ecd_decel_reference < -0x8d, and peak-tracks the 6 setpoints. This is the ONLY reader of flag_ecd_speed_avail -> the mode-4 ANB executor is NOT gated here.",re-trace
0x004022a2,axle_speed_a,LABEL,Axle/wheel speed A (signed 0.125 km/h/bit) compared to 0x78=15km/h in ecd_speed_gate.,re-trace
0x00402482,axle_speed_b,LABEL,Axle/wheel speed B (signed 0.125 km/h/bit) compared to 0x78=15km/h in ecd_speed_gate.,re-trace
0x0007f4ec,decel_req_preprocess,FUNCTION,"Decel-request input stage: for each of 4 sources, extrapolates value between CAN frames: out = raw - (staleness*gradient)>>2 (staleness=3-(ctr&3)). Comfort src (type2) is a DIRECT copy (no extrapolation). Writes 0x405a90/94/a0/ac.",re-trace
0x00086798,decel_req_assemble,FUNCTION,Assembles up to 4 typed decel requests into the arbitration array (12B each). type=1/2/4/5; each gated by state_byte==0x10 (0x405dcd) + enable bit 0x80. Type2 carries extra fields (comfort ECD).,re-trace
0x00094a70,decel_req_arbitrate,FUNCTION,"Decel arbitrator (MAX-wins). Scans the typed request array twice: primary max on field+0 -> decel_arb_output+0x10, secondary max on field+8 (raw values) -> +0x12. Writes the winning request TYPE byte straight to ecd_mode (0x405aba) -- so type==mode (type4=emergency, type2=comfort). SECONDARY-PREEMPT: when (decel_frame_counter&3)==0 and the secondary winning type changed, sets flag +0x3b bit0x20 and overrides the primary with the secondary (raw) request. Highest deceleration always wins regardless of source.",re-trace
0x0009b7b4,decel_ctrl_top,FUNCTION,"Top deceleration controller: count=decel_req_assemble(); decel_req_arbitrate(); clamp result to [min,0x3ffe].",re-trace
0x000633fc,ecd_state_machine,FUNCTION,ECD/brake control state machine. Dispatches on ecd_mode (0x405aba) + substate (0x403e2a): mode2/sub2 -> ecd_decel_pressure_calc (smooth); mode4 -> FUN_000a15d0->ecd_emergency_pressure (flat); other substates set fixed pressure profiles/ramps. Calls ecd_speed_gate first.,re-trace
0x0009c788,ecd_emergency_pressure,FUNCTION,"EMERGENCY/mode-4 pressure handler (ACC_10/ANB-class). Sets ALL 6 pressure setpoints to the SAME requested value (FLAT step, no ramp) + fixed timing {0x14,10,3,7}. Does NOT check flag_ecd_speed_avail -> works below 15 km/h but ROUGH (bang-bang vs the comfort ramp).",re-trace
0x00405aba,ecd_mode,LABEL,ECD control mode = winning decel-request type (1/2/4/5) from decel_req_arbitrate. Selects smooth-comfort vs flat-emergency pressure in ecd_state_machine.,re-trace
0x00405a90,decel_req_array,LABEL,"Arbitration input: 4 preprocessed decel requests (type1@+0,type2/comfort@+4,type4@+0x10,type5@+0x1c). Written by decel_req_preprocess.",re-trace
0x000aa0c4,can_msg_cfg_ACC_10,DATA,"Record #13 of can_msg_cfg_table = CAN id 0x117 (ACC_10). timeout_pair=0x0005000a, flags=0x010a0000, state_ram=0x404588. PROVES the B8 Q5 ESP8 receives ACC_10 -- corrects the earlier claim that only the ESP9 handled it.",re-trace
0x000b1b82,can_id_group_table,DATA,"110 records, stride 6: {u16 0xff00, u16 can_id, u16 group}. Contains 0x117 (group 0x144). Purpose of the group field not yet established.",re-trace
0x000b2370,can_id_list_b,DATA,"Second flat u32 CAN-id list (~210 entries, ids <=0x7ff), includes 0x117. Distinct from can_id_array at 0xafae0.",re-trace
0x0007f4ec,decel_req_preprocess_srcs,DATA,"Literal pool of decel_req_preprocess: status array 0x405dcd, source buffers 0x403fac / 0x403a40 / 0x407bb4 / 0x403d76, output 0x405a90, scratch 0x405a7c, frame counter 0x400804.",re-trace
0x00403a40,decel_src_comfort,DATA,"Decel-request source 1 -- the DIRECT-COPY source (no inter-frame extrapolation), written by decel_src_comfort_calc (0x88a88) and consumed by decel_req_preprocess/decel_req_assemble.",re-trace
0x00088a88,decel_src_comfort_calc,FUNCTION,"Computes decel_src_comfort (0x403a40) from inputs 0x403a80/0x403a86 (raw values), 0x403ab8 (flag bytes) and 0x403a2e (status word), reading the internal measured-decel word 0x40545c and a limit pair +-0x8000/0x7fff. 0x403a86 is also read by ecd_speed_gate (0x846cc).",re-trace
0x0008e0d0,mem_copy,FUNCTION,"memcpy(dest,src,len) - generic byte copy used throughout the COM signal plumbing.",re-trace
0x0004c5a8,decel_type4_scale,FUNCTION,Type-4 decel-request scaling/gain stage (uses interp thunk 0x58f94); writes the type4 current value 0x407bac. Upstream of the double-buffer + extrapolation. Part of the deep processing chain between CAN decode and the decel arbitration.,re-trace
0x00064ce4,com_decel_double_buffer,FUNCTION,"COM double-buffer stage for the decel/ECD signal groups: mem_copy(current,staging,len) per group. Its literal pool IS the staging->current map; the entry (dst 0x403a7c, src 0x403a6c, len 0x10) is what writes 0x403a80/0x403a86, the inputs of decel_src_comfort_calc.",re-trace
0x00057044,decel_stage_writer,FUNCTION,"Writes the decel staging block 0x403a70/72/74/76 (which com_decel_double_buffer then copies to 0x403a7c..0x403a8c). Inputs: 0x405462 (CAN-side signal), 0x403a48, 0x403ab4, 0x403ddc. 0x405462 is the comfort CAN request, written only by the index-driven COM layer (no static writer); the CAN-frame edge is not statically resolvable.",re-trace
0x00086798,decel_req_assemble_types,DATA,"Literal-pool map for decel_req_assemble. Four gated sources, each requires status 0x405dcd[i]==0x10 + enable bit0x80 + value>0, tagged with a TYPE that becomes ecd_mode: slot A value 0x405a90 aux decel_src_type1(0x403fac) -> type1; slot B value 0x405a94 aux decel_src_comfort(0x403a40) + flag byte 0x403a36 -> type2 (comfort/ECD, speed-gated); slot C value 0x405aa0 aux decel_src_type4(0x407bb4=ANB) -> type4 (emergency, NOT speed-gated); slot D value 0x405aac aux decel_src_type5(0x403d76) -> type5.",re-trace
0x000872cc,variant_cfg_select,FUNCTION,"Startup variant selector: on a code of 6/10/0x10/0x11 it stores per-variant FLASH calibration block pointers into 0x40081c/0x400820/0x400824/0x400828/0x40082c. 0x40081c is therefore a calibration base pointer (read all over, e.g. veh_ref_speed_calc, decel_src_comfort_calc +0x11c) -- NOT a CAN buffer.",re-trace
0x000a9fc0,can_msg_cfg_table,LABEL,"CAN message config table: 223 records x0x14 {u32 can_id,u32 timeout_pair,u32 mode/timeout,u32 shared_routine,u32 state_ram}. Handles ACC_10(0x117,rec#13,state 0x404588) + 213 raw-signal msgs. SEPARATE from the 0xafae0 cluster (ESP_01-05/TSK/ACC_01/ACC_05). So the ESP receives BOTH ACC_10 (here) and ACC_05 (0xafae0).",re-trace
0x0008e3ec,can_rx_indication,FUNCTION,Generic CAN RX indication: copies received frame payload into the record's state_ram buffer (called indirectly via can_msg_cfg_table field-4 with record ptr). Signal extraction is done later by table-driven consumers.,re-trace
0x00404588,acc10_rx_state,LABEL,ACC_10 (0x117) reception state/buffer (can_msg_cfg_table rec#13 state_ram). Raw ANB frame lands here; ANB_Zielbrems extracted downstream (table-indirect).,re-trace
0x0004bf3c,anb_decel_request_build,FUNCTION,"ANB/emergency (type-4) request state machine + executor. MULTI-CYCLE LATCHED: idles (init->reset, anb_status_word bit31) until the recomputed decel demand anb_decel_magnitude(0x4066e0) >= 0x461, which arms it (bit28) -- EMULATION-VERIFIED (emu/exp_anb6.py), and this arm is gated by the DECEL MAGNITUDE, not the freigabe bit (freigabe 0x40553b bit3 only sets sub-bit5). Also needs master-enable 0x405cac==0x10 (init default), quality 0x4055b4>0xc, counter 0x4055e4<0x37, 0x405abe in{0,4}, no fault, 4-wheel plausibility. Computes decel via ecd_pressure_curve; drives per-wheel ECD substates {0x13,0x16,0x11}. Its committed output reaches the arbitration source 0x407bb4 + enable 0x407bbb + status 0x405dcd[2] via COM status gateways (decel_src_status_gateway 0x9d9f8, com_decel_double_buffer) whose sources are memcpy-fed (COM-indirect).",re-trace
0x000a15d0,ecd_emergency_dispatch,FUNCTION,Thin wrapper -> ecd_emergency_pressure (0x9c788). Called by ecd_state_machine when ecd_mode==4 (emergency/ANB).,re-trace
0x0005ee10,veh_ref_wheel_estimator,FUNCTION,"Per-wheel deceleration/reference estimator. Maintains a 5-tap history shift-register, averages, calls FUN_0005ed78 x4 (per wheel, offsets +0x534/+0x562), clamps at 0x76. Writes the internal measured-deceleration word 0x40545c/0x405460 from the 5-tap wheel-speed history at 0x4053c8 -- a measured internal feedback quantity, NOT a CAN request. (0x405460 != the comfort CAN request 0x405462.)",re-trace
0x0008c1e8,decel_mode_state_set,FUNCTION,"Sets the 0x405460 channel value + mode byte (+0xc/+0xd): mode=1 when request active (status flags 0x404bbc nonzero), mode=4 on fault after >0x27 (39) stale ticks, mode=0 idle. Value from a rolling-average block scaled x0x4000>>0x10; threshold 0x310 default (or 0x405460-calib) with -0x83 hysteresis (bit0x40).",re-trace
0x0009546e,com_pdu_router_9546e,FUNCTION,"AUTOSAR COM PDU handler (message handle<0xd, PDU id 0x3d). Part of the index-driven signal-extraction layer invoked after can_rx_indication -- extracts packed signals from a message's state_ram into per-signal buffers. This is the indirection that hides the CAN-id -> decel-source binding from static xref.",re-trace
0x00407bb4,decel_src_type4,LABEL,"Type-4 (ANB/emergency) decel source. Written by anb_decel_request_build (0x4bf3c); read by decel_req_preprocess(->0x405aa0) and decel_req_assemble which tags it type=4. type==mode identity => drives ecd_mode=4 => ecd_emergency_pressure, which does NOT read flag_ecd_speed_avail => brakes below 15 km/h (flat/bang-bang).",re-trace
0x00403fac,decel_src_type1,LABEL,"Type-1 decel source (raw). Gated by status 0x405dcd[6]==0x10 + enable 0x403fac[7]&0x80. Assembled to slot 0x405a90, tagged type=1.",re-trace
0x00403d76,decel_src_type5,LABEL,"Type-5 decel source (raw). Gated by status 0x405dcd[0]==0x10. Assembled to slot 0x405aac, tagged type=5.",re-trace
0x00405a7c,decel_arb_output,LABEL,"decel_req_arbitrate output/scratch struct (DAT_00094b80). +0x10 primary max decel, +0x12 secondary max, +0x36 secondary winning type, +0x37 prev secondary type, +0x39 winner flag, +0x3b flags (bit0x20=secondary-preempt-armed). Winning TYPE byte is written separately to ecd_mode 0x405aba.",re-trace
0x00400804,decel_frame_counter,LABEL,COM frame counter (DAT read as &3). Drives decel_req_preprocess slew staleness (3-(ctr&3)) AND the decel_req_arbitrate secondary-preempt gate ((ctr&3)==0).,re-trace
0x00405462,decel_stage_can_input,LABEL,CAN-side decel input half-word read by decel_stage_writer (0x57044). Low half of the 0x405460 word written by veh_ref_wheel_estimator (0x5ee10) and decel_mode_state_set (0x8c1e8).,re-trace
0x00075f34,anb_decel_jerk_shaper,FUNCTION,"Jerk/rate-limited ANB decel-target shaper. Filters the raw target with coeffs 0xd/0x7f and 0x111, clamps via PTR_FUN_000761bc/DAT_000761c0, writes 0x407906 (the value anb_decel_request_build consumes). FUN_00076152 resets its state when PTR_DAT_000761f0==1.",re-trace
0x00042a5c,decel_hold_escalation_mgr,FUNCTION,"POST-arbitration request shaper/hold manager. Operates on decel_arb_output (0x405a7c) + ecd_mode neighbourhood (writes 0x405ab8/0x405abb). Reads all four type status bytes -- type1 0x403fb3, type2 0x403a37, type4/ANB 0x407bbb, type5 0x403d7d -- with &4/&2 masks and ESCALATES the active request to a 'type 3' hold state; rate-limits (0x2d/0x7f), clamps 0x500/0x80/0x3ffe.",re-trace
0x00403d94,ecd_pressure_setpoints,LABEL,The 6 ECD brake-pressure setpoints (0x403d94[0..5]). ecd_emergency_pressure writes all 6 = the SAME ANB request value (flat); the comfort executor writes a 6-point ramp. Consumed by the pressure/valve controller via ecd control struct 0x403a14+8.,re-trace
0x00407c04,anb_request_struct,LABEL,ANB request output struct (built by anb_decel_request_build). +6 (0x407c0a) = the requested decel/pressure value that ecd_emergency_pressure broadcasts to all 6 setpoints.,re-trace
0x00407bbb,decel_type4_enable,LABEL,"Type-4 (ANB/emergency) enable/status byte = decel_src_type4+7. assemble gates the ANB request on bit0x80 here AND status 0x405dcd[2]==0x10. Written by the status-assembler layer (computed-address), not a single static writer.",re-trace
0x00403fb3,decel_type1_status,LABEL,Type-1 request status byte (read by decel_hold_escalation_mgr with &4/&2).,re-trace
0x00403d7d,decel_type5_status,LABEL,Type-5 request status byte (read by decel_hold_escalation_mgr with &4/&2).,re-trace
0x0009f190,ecd_actuation_pipeline,FUNCTION,"ECD actuation pipeline dispatcher (param_1=ECD ctrl struct 0x403a14). Calls the 8 hydraulic control substeps in order: FUN_000a2a0c (if +0x5a<0), FUN_000a1088, FUN_000a252c, FUN_000a2158, FUN_000a1f54, FUN_000a2090, FUN_000a1f7c, FUN_0009dc8c. This is the stage between the 6 pressure setpoints and the wheel valve/pump drivers.",re-trace
0x000a10d0,ecd_ctrl_struct_init,FUNCTION,"Initializes the ECD control struct 0x403a14: [+0]=6 (slot count), [+8]=setpoint-array ptr (points into the 6-setpoint block), [+0x10]=secondary ptr. Confirms 0x403a14 layout.",re-trace
0x0006f5b8,ecd_prefill_gate,FUNCTION,"ECD pre-fill/enable gate. Writes the request's +0xd0 field = 0x14 (pre-charge) or 0 based on wheel-pressure demand (+0x11c/+0x11e/+0x120/+0x122), speed (+0x3c), and mode (+0x14c). Runs before the pressure pipeline.",re-trace
0x00404554,can_msg_state_ram_base,LABEL,"Base of the per-message 4-byte state slots for the 0xa9fc0 config table: state_ram(i) = 0x404554 + 4*i. ACC_10 (rec#13) = 0x404588. Holds per-message status/handle, NOT the frame payload.",re-trace
0x00403a14,ecd_ctrl_struct,LABEL,"ECD control struct (DAT for state machine/executors/pipeline). [+0]=slot count(6), [+8]=ptr to 6 pressure setpoints (0x403d94), [+0x10]=secondary ptr, [+0x10..0x13]=phase timing bytes, [+0x1a..]=per-phase pressures. Consumed by ecd_actuation_pipeline (0x9f190).",re-trace
0x00058f94,interp_lookup,FUNCTION,"Kennlinie/curve interpolation lookup helper (x, table_ptr) -> interpolated y. Used pervasively (14x in the pressure stages alone) for accel->pressure/gain maps.",re-trace
0x0009720c,mul_div_scale,FUNCTION,"Fixed-point multiply/divide/scale helper (a,b)->result in r0, remainder/second in r1 (extraout_r1). Ubiquitous in the decel/pressure math.",re-trace
0x0009576c,ecd_press_stage_slew,FUNCTION,"ECD pressure substep 1 (via wrapper 0xa252c): PT1 slew of the pressure command (coeff 0x330/0x33, >>8/>>0xc). Operates on the ECD ctrl struct.",re-trace
0x00076cec,ecd_press_stage_anb,FUNCTION,"ECD pressure substep 2 (via wrapper 0xa2158): ANB-branch pressure control math; gain curves via interp_lookup, clamps +-0x2800.",re-trace
0x000784fc,ecd_press_stage_track,FUNCTION,"ECD pressure substep 3 (via wrapper 0xa1f54): pressure tracking vs measured wheel pressure (+0x76 ref, +0x44/+0x46 per-corner).",re-trace
0x00069fc0,ecd_press_stage_ctrl,FUNCTION,ECD pressure substep 4 (via wrapper 0xa2090): main wheel-pressure controller -- PT1 (coeff 0xd130/0xd13 >>0xd) + gain-curve output. Produces the per-wheel pressure/valve demand.,re-trace
0x0006a35c,ecd_press_stage_state,FUNCTION,"ECD pressure substep 5 (via wrapper 0xa1f7c): pressure phase/state manager (+0x13 mode 1/2/3, +0x41/+0x42 edge, +0x43 flags). Sequences apply/hold/release.",re-trace
0x0009dc8c,ecd_mode_sync,FUNCTION,ECD mode-state sync (pipeline tail): reconciles request mode (+0x50) into the actuation mode byte (+0x18=1/2/0x10) and mirrors to +0x3e. Gate before the pressure stages commit.,re-trace
0x0004fee8,com_signal_commit,FUNCTION,"AUTOSAR COM signal-group COMMIT primitive (critical section via software_interrupt 3/2). descriptor{[0]=value,[3]=bit-index,[4]=dest-buf,[5]=len,[2]=src}; copies src->dest+8 for len bytes and sets the group's ready mask. The low-level signal write.",re-trace
0x0004fff8,com_group_ready,FUNCTION,AUTOSAR COM signal-group READY check: (*(com_sig_group_table[grp*0x18 + 0x10] + 8) & mask@+4)==mask. grp id passed in (e.g. 0x3d in com_pdu_router).,re-trace
0x000b6a44,com_sig_group_table,LABEL,"COM signal-group config base (DAT_00050110), indexed grp*0x18. Nested/variable-length descriptor stream: {+4=ready_mask, +0x10=status_ptr, embedded {tag,count,buffer_ptr} signal descriptors}. Signal buffers point into 0x407c-range (ANB/ACC) and 0x406c-range. This is the CAN<->signal routing table.",re-trace
0x000b6ffc,com_pdu_descriptor,LABEL,"Per-signal descriptor array used by com_pdu_router (stride 0x14): {status_ptr, src, dst, buf, bitmask}; ptrs decrement by 1 per successive bit/signal.",re-trace
0x00050110,com_sig_group_table_ptr,LABEL,Pointer to com_sig_group_table (0xb6a44); base for the grp*0x18 index in com_group_ready.,re-trace
0x00403a04,esp_ctrl_status,LABEL,"ESP control-status word. bit12(0x1000) = ECD/ANB subsystem armed & plausible -- ecd_speed_gate's first guard: if clear, ECD is declared unavailable immediately (no braking).",re-trace
0x00403e2a,ecd_substate,LABEL,ECD state-machine substate (companion to ecd_mode 0x405aba). Read by ecd_state_machine dispatch and ecd_speed_gate guard.,re-trace
0x00403a7c,ecd_decel_request_mag,LABEL,ECD deceleration-request magnitude (the comfort/ANB target). Used by ecd_speed_gate as a plausibility input AND by ecd_decel_pressure_calc as the index into the pressure calibration curve ecd_pressure_curve.,re-trace
0x004075a4,ecd_decel_reference,LABEL,ECD measured/reference deceleration. Threshold `< -0x8d` gates a 500-unit minimum pressure floor in ecd_decel_pressure_calc and a plausibility branch in ecd_speed_gate.,re-trace
0x00403b4a,ecd_gate_flags,LABEL,ECD gating flags byte; ecd_speed_gate tests `& 0x12` (fault/inhibit bits) before allowing the availability flag to stay set.,re-trace
0x00403da8,ecd_avail_debounce,LABEL,Debounce counter (byte) for flag_ecd_speed_avail. Reloaded to 0x1e=30 cycles when speed>=15; must count to 0 below 15 before the flag is cleared -> the ~0.5s lag between crossing 15 km/h and brake release seen in the route.,re-trace
0x00403d8c,ecd_setpoint_struct,LABEL,"ECD pressure-setpoint struct base. Setpoints live at +8..+0x12 (= ecd_pressure_setpoints 0x403d94..0x403d9e), 6 x s16. ecd_decel_pressure_calc fills a default ramp 300/300/500/0x834/0xc80/8000 then peak-tracks -- or ZEROS +8/+0xa/+0xc when flag_ecd_speed_avail is clear.",re-trace
0x000aeb60,ecd_pressure_curve,LABEL,"Calibration Kennlinie (flash) mapping ECD decel request -> brake pressure, read via interp_lookup in ecd_decel_pressure_calc. The accel->pressure transfer function for the comfort ECD path.",re-trace
0x00407745,anb_gate_status,LABEL,ANB/ECD gate status byte; ecd_speed_gate guard input (`& 0x40` with a ==2 substate check).,re-trace
0x0006e16c,p_ecd_ctrl_struct,LABEL,ptr literal -> ecd_ctrl_struct (0x403a14),re-trace
0x0006e170,p_ecd_setpoint_struct,LABEL,ptr literal -> ecd_setpoint_struct (0x403d8c),re-trace
0x0006e174,p_flag_ecd_speed_avail,LABEL,ptr literal -> flag_ecd_speed_avail (0x403da9) -- the 15km/h gate flag,re-trace
0x0006e178,p_ecd_decel_request_mag,LABEL,ptr literal -> ecd_decel_request_mag (0x403a7c),re-trace
0x0006e17c,p_ecd_pressure_curve,LABEL,ptr literal -> ecd_pressure_curve (0xaeb60),re-trace
0x0006e180,p_ecd_decel_reference,LABEL,ptr literal -> ecd_decel_reference (0x4075a4),re-trace
0x000846c0,p_esp_ctrl_status,LABEL,ptr literal -> esp_ctrl_status (0x403a04),re-trace
0x000846c4,p_ecd_mode_sg,LABEL,ptr literal -> ecd_mode (0x403aba),re-trace
0x000846c8,p_ecd_substate_sg,LABEL,ptr literal -> ecd_substate (0x403e2a),re-trace
0x000846cc,p_ecd_comfort_decel_in,LABEL,ptr literal -> 0x403a86 (comfort decel input),re-trace
0x000846d0,p_anb_gate_status,LABEL,ptr literal -> anb_gate_status (0x407745),re-trace
0x000846dc,p_axle_speed_front,LABEL,ptr literal -> axle_speed_a (0x4022a2),re-trace
0x000846e0,p_axle_speed_rear,LABEL,ptr literal -> axle_speed_b (0x402482),re-trace
0x000846e4,p_ecd_decel_req_mag_sg,LABEL,ptr literal -> ecd_decel_request_mag (0x403a7c),re-trace
0x000846e8,p_ecd_decel_ref_sg,LABEL,ptr literal -> ecd_decel_reference (0x4075a4),re-trace
0x000846ec,p_ecd_gate_flags,LABEL,ptr literal -> ecd_gate_flags (0x403b4a),re-trace
0x000846f0,p_ecd_avail_debounce,LABEL,ptr literal -> ecd_avail_debounce (0x403da8); [1]=flag_ecd_speed_avail (0x403da9),re-trace
0x0003bf58,anb_signal_conditioning,FUNCTION,"ANB request conditioning/plausibility stage. Reads conditioned signal buffers (0x40559c,0x405474,...) + 4-wheel validity (0x401394/0x401f7c/0x401988/0x400da0 all-negative check); writes the ANB decel-request source 0x4054c4 and freigabe gate 0x40553b (both consumed downstream by the ANB builder). NOT the raw ACC_10 unpacker -- operates on already-extracted signals.",re-trace
0x0007c1d4,anb_decel_from_wheels,FUNCTION,"Computes the ANB arm-gate magnitude 0x4066e0 (anb_decel_request_build >=0x461 gate). CORRECTED 2026-08-23: it is NOT purely wheel-derived -- it reads an EXTERNAL request input 0x4054c4 (DAT_7c418, clamped +-0x1ff) AND a second input 0x4085ce (DAT_7c424) AND per-wheel dynamics (0x402590+0x566 x4), and writes 0x4066e0 (DAT_7c434). 0x4054c4 is produced by anb_signal_conditioning(0x3bf58) from received-signal conditioning (radar_msg_signal_proc 0x2c554 etc.). => the emergency/ANB arm IS externally influenced (external request is a primary term, combined with vehicle dynamics). Prior claim does not pass through a received signal / wheel-only was WRONG. Exact source CAN ID/field NOT statically pinnable (runtime COM routing, computed-address; conditioning mixes internal+received). DBC ACC_10.ANB_Zielbrems is the strongest candidate, unproven.",re-trace
0x0002c554,radar_msg_signal_proc,FUNCTION,"Signal processor writing many conditioned buffers incl ANB gate inputs 0x40553b,0x4055b4,0x40559c. Assembles a 16-bit value from byte pair (0x405xxx). One stage of the multi-stage COM->plausibility chain feeding the ANB gates.",re-trace
0x0007e2d8,anb_subsystem_init,FUNCTION,"ANB subsystem INITIALIZER: writes a large struct block to defaults (=1, =0x10, =2), incl the master-enable 0x405cad=0x10. Proves 0x405cac==0x10 is an init-default 'available' state, NOT an internal decision blocker.",re-trace
0x0009ebb4,com_signal_delayline,FUNCTION,"1-cycle delay-line: shifts a block [n]=[n+1] (0x405cac = delayed copy of 0x405cad, etc.). Provides prev-cycle values for edge-detection in the ANB/COM logic.",re-trace
0x0009c418,com_signal_commit_wrapper,FUNCTION,"Per-signal-group COM commit: builds a descriptor at the 0x18-stride signal table (base+8+idx*0x18) with value from base[idx*4], then calls com_signal_commit. param=signal-group index.",re-trace
0x004054c4,anb_decel_request_src,LABEL,"ANB decel-request source (written by anb_signal_conditioning 0x3bf58; consumed by anb_decel_from_wheels 0x7c1d4). Post-conditioning, pre-wheel-recompute.",re-trace
0x004066e0,anb_decel_magnitude,LABEL,ANB decel magnitude fed to anb_decel_request_build; the >=0x461 enable-gate input. Computed by anb_decel_from_wheels (0x7c1d4) from wheel dynamics + request.,re-trace
0x00405cac,anb_master_enable,LABEL,ANB master-enable gate (anb_decel_request_build needs ==0x10). Init-default 0x10 (anb_subsystem_init); 1-cycle delay of 0x405cad. NOT a hard internal blocker.,re-trace
0x0009d9f8,decel_src_status_gateway,FUNCTION,Byte-shuffle gateway: copies a source status block (0x405d1b) into the decel-source status array (0x405dcc/0x405dcd) in reordered order. type-4 active status 0x405dcd[2] = source[1] (0x405d1c). One of the COM-style commit gateways between the ANB builder's active state and the arbitration eligibility.,re-trace
0x00407bf0,anb_status_word,LABEL,"ANB builder (0x4bf3c) latched state-machine word (psVar14+0x16). Top nibble = 4-stage state: bit31=idle/reset, bit28=active/armed. Masks 0x80001000/0x80801000/0x40403000/0x20209000/0x1010c000 latch exit/release states. bit5=freigabe(0x40553b bit3), bit6=freigabe-debounce. EMULATION-VERIFIED: arms (bit31->bit28) when decel demand 0x4066e0 >= 0x461, independent of freigabe.",re-trace
0x00407bf2,anb_active_latch,LABEL,Byte 2 of anb_status_word (0x407bf0). Nonzero = ANB state latched active (skips re-init). Only set nonzero by the release-state masks; the machine idles (init->reset loop) until the decel threshold arms it.,re-trace
0x0008390c,anb_target_filter,FUNCTION,"PT1 filter/conditioner on the ANB target deceleration. NOT a CAN-message converter (corrected 2026-08-23, adversarial re-trace + verified single-writer): reads INTERNAL input 0x407894 (computed by FUN_0007da34 from ANB working values, no frame-RAM read) and in-place PT1-filters accumulator 0x40926c toward it (`0x40926c += (0x407894-0x40926c)>>3`), then interp+calib (flash 0xaf250, limit 0x4e20) -> ANB target region 0x407904/0x4078fa/0x4078a8/0x4078f0 -> anb_decel_jerk_shaper(0x75f34). Gated by 0x405538==1. 0x40926c/0x40926e are PRIVATE filter state (only writer = this fn @0x8392c/0x83948), NOT received CAN buffers. The ANB decel target is internally/wheel-derived (see anb_decel_from_wheels 0x7c1d4), not passed from any received radar message.",re-trace
0x0040926c,anb_target_filter_state,LABEL,"PT1 filter accumulator, PRIVATE to anb_target_filter (0x8390c) -- read+written ONLY there (EspRefsRange: single writer @0x8392c). Tracks internal input 0x407894 at coeff 1/8. NOT a received CAN signal (earlier anb_can_target_signal / ACC_10.ANB_Zielbrems label was WRONG -- it is a filter state, not an RX buffer; corrected 2026-08-23).",re-trace
0x00405538,anb_enable_flag,LABEL,"ANB/vehicle-state enable flag (anb_target_filter gates on ==1). Set from INTERNAL substate by FUN_0007cb88 (struct bytes +0x10a/+0x80), read by ~19 fns incl veh_ref_speed_calc -- a general state flag, NOT received-radar-message-valid (earlier anb_can_msg_valid label was WRONG; corrected 2026-08-23).",re-trace
0x000afb00,epb01_rx_idarray_slot,LABEL,"EPB_01 (CAN 0x104) entry, index 8 of can_id_array (0xafae0), 0x100-0x116 core RX cluster. Sender EPB_D4 => the ESP RECEIVES EPB_01. Carries the EPB dynamic-braking decel request EPB_Verzoeg_Anf (byte2, 0.048 m/s2) + EPB_Freig_Verzoeg_Anf (enable, bit15). EPB->type5 DISPROVEN (type5 is unused, decel_src_type5_UNUSED); EPB feeds NONE of the type1/2/4/5 ECD arbitration sources (all front-sensor/ACC/ANB). EPB dynamic braking is a SEPARATE dedicated hydraulic-request path, not yet located (EPB_01 is in the runtime object-table RX set). See docs/epb_dynamic_braking.md + com_routing_decoded.md.",re-trace
0x00049e80,byteswap16_thunk_tgt,FUNCTION,Real target of the a29dc Thumb->ARM thunk: 16-bit byteswap ((x&0xff)<<8)|((x>>8)&0xffff). Emulation-verified byteswap16(0x0102)=0x0201. NOT a handle allocator (corrects the prior 2-byte-handle-wall theory).,re-trace
0x00049e64,memset0_thunk_tgt,FUNCTION,"Real target of the a2a3c thunk: memset(ptr,0,n). Emulation-verified. One of the trivial 'COM allocator veneers' that were mis-decompiled as an opaque allocator.",re-trace
0x0008f440,asw_start_sboot,FUNCTION,"ASW _start / OS mode bring-up. Uses SBOOT MONITOR SVCs (svc #0x13-0x16,#0xff10) - emulation hits 10 SVCs in 200 insns. Implies .data (COM object table *0x4069b4, signal descriptors, PDU->CAN grouping) is SBOOT-initialized and ABSENT from the ASW image => full COM-init emulation cannot bootstrap here. Reset vec 0x0 = b#0.",re-trace
0x000b03fc,com_signal_table_flash,LABEL,"Flash COM signal->buffer table (static, software-recovered). Stride 0x10: {marker 0x01000000, sig_id u16 @+4, len u8 @+6, flags u8 @+7, RAM_buffer u32 @+8, extraction_link u32 @+c}. 43 recs @0xb03fc-0xb06cc (continues). RAM_buffer=COM deposit target (0x405xxx-0x409xxx). Decodes the signal->buffer routing WITHOUT a bench. Full: decode/com_signal_table.txt.",re-trace
0x00403d76,decel_src_type5_UNUSED,LABEL,"Type-5 decel source: RESERVED/UNUSED in this variant. Bin-wide proof: type5 addrs (0x403d76 cur, 0x403d6e staging, 0x403d66 commit-dst, 0x403d7d enable) occur ONLY in CODE (double-buffer 0x65090/94, 0x64ff8; preprocess 0x7f728; assemble 0x86974; hold_mgr 0x431f4) - ZERO occurrences in flash COM config (>=0xa2000). Staging 0x403d6e has NO writer of any kind => type5 value is always 0 => never wins arbitration. So EPB_01->type5 is DISPROVEN (no CAN feed reaches type5). Contrast type1 0x403fa2 + type4-input 0x407ce8 which DO appear in flash config.",re-trace
0x000b038c,com_signal_table_full,LABEL,"Flash COM signal->buffer table, 53 recs, stride 0x10 {marker 0x01000000, sig_id u16@+4, len(bits) u8@+6, flags@+7, RAM_buffer@+8, consumer/notify app-fn@+c}. Explicit-buffer COM signals (front-sensor/brake-assist subset, incl type1 input 0x403fa2 sig0x037f + type4 input 0x407ce8 sig0x004f). NOT the full 200-msg RX set (bulk uses runtime object table). Parser: decode/parse_pb_config.py.",re-trace
0x000b06f0,com_pdu_signal_table,LABEL,"Flash PDU-grouped signal table, stride 0xc {sig_id u16@+0, len(bits) u8@+2, flags@+3, RAM_buffer@+4, idx u16@+8, grp u8@+a}. grp0x02 = a 17-signal front-sensor PDU (bit-lens 6,4,4,10,2,2,12,2,2,6,2,2,4,8,8,8,8) that feeds decel type1 via 0x403fa2/0x403fd4 - fingerprint does NOT match EPB_01, so type1 != EPB. Terminator sig=0,flags=0xff.",re-trace
0x0009aa78,decel_arb_output_reset,FUNCTION,"Inits decel_arb_output (0x405a7c) defaults + sets |0x10000000 flags on four +0x28c structs. Part of the ECD decel path, NOT an EPB path (output-trace exhaustive: no non-ECD writer of the pressure setpoints/mode/actuation exists).",re-trace
0x004069b4,com_obj_table_base_ptr,LABEL,"Runtime-built COM object table base pointer. Object table stride 0x10 {+6 sigcount, +8 descr-array ptr (RAM), +0xf flags bit5=valid/bit6=ready}; count *0x4069fc, bump ptr *0x4069b0. NOT .data-copied: the COM config is .rodata (0xb0000-0xb7800) direct-addressed; the table is BUILT at init by a builder that writes this base via a register (address-exact xref misses it). Materializing it needs the builder trace or SBOOT (boot is SBOOT-context-dependent). EPB_01=handle 0x25b lands here.",re-trace
0x0009d75c,ecd_executor_actuation,FUNCTION,ECD executor in the actuation thread -> base dispatcher FUN_000a0da0. (candidate role from base-hydraulic trace).,re-trace
0x000a0da0,base_actuation_dispatcher,FUNCTION,Base actuation dispatcher: ECD executor -> here -> terminal driver FUN_000a1d88. (candidate role).,re-trace
0x00070ec0,esp_pressure_tx_packer,FUNCTION,"NOT a valve/pump driver: scales an internal pressure value, packs a 16-bit field + CRC (XOR table DAT_000711d8) for CAN TX. The unconditional ECD-actuation tail reaches THIS (a TX status packer), not hydraulic MMIO - the real ABS/ESC valve+pump driver is a separate main-loop subsystem behind HW-ISR/MMIO (0xfff7xxxx) indirection.",re-trace
0x0040a1a8,com_obj_table,LABEL,"RUNTIME COM object table (the actual table; *0x4069b4 = 0x40a1a8, emulation-proven). Stride 0x10 {+6 sigcount, +8 descr-array ptr, +0xf valid/ready}. Extent computed in FUN_0008db80 as *0x40a1a4 = end-0x40a1a8. Built by multi-phase COM init (FUN_0008db80/000892a0/0006b936/0008dac0) from the .rodata config; read by FUN_0009e3f4 etc. A bench RAM read of 0x40a1a8+ (few KB) hands over the whole table incl EPB handle 0x25b.",re-trace
0x0008db80,com_objtable_init_phase,FUNCTION,"COM object-table init/finalize phase: iterates the table (FUN_0008dac0), runs the bump allocator FUN_0006b936, then writes the table extent/base pointers (0x40a1a4=end-0x40a1a8 base). Part of the multi-phase COM-init builder that populates com_obj_table (0x40a1a8) from .rodata.",re-trace
0x0008fcb8,esc_valve_apply_wheel,FUNCTION,Base ESC hydraulic valve driver: selects a wheel by its MMIO channel reg (0xfff7d400/d500/d600 -> wheel cmd struct 0x407344/37c/3b4/3ec) and issues an inlet (chan codes 6/0xe/7/1) + outlet (0xb/0xf/8/2) valve command pair via esc_valve_cmd_encode(0x9cbb4). The per-wheel apply/hold/release valve stage above the solenoid MMIO. Part of the BASE ABS/ESC hydraulic subsystem; the shared hydraulic output stage for the base ABS/ESC loop and the EPB/ANB Fremdbremsung pressure requests.,re-trace
0x00099cd0,esc_hydraulic_hw_init,FUNCTION,"Base ESC hydraulic HW register setup: programs valve-bank controllers 0xfff7d400/0xfff7d500, pump/motor 0xfff7f0a0, and 0xfff7ec00/0xfff7f400 config regs (valve states 0xf1/0xf3/0xff/0xb/0xc). Reached via esc_actuation_task_step 0xa18ec.",re-trace
0x0009cbb4,esc_valve_cmd_encode,FUNCTION,"Encodes a valve command word for channel param_1 from spec param_5 into the valve command queue (DAT_0009cc38 mask, DAT_0009cc3c per-channel table). Low level of the base ESC valve driver.",re-trace
0x000978d4,esc_cmd_slot_alloc,FUNCTION,"Bitmask free-slot allocator for the ESC valve command queue (DAT_000979c0 mask, DAT_000979c4 slot array stride 0x10). Returns slot index or -1.",re-trace
0x0009ae10,esc_valve_abort_channel,FUNCTION,"Aborts an ESC valve channel by mode (param_1 in {6,7,8,0xb,0xe,0xf} = inlet/outlet channel codes); clears the channel cmd struct, calls FUN_000a1230.",re-trace
0x0009d208,esc_valve_clear_channel,FUNCTION,Clears an ESC wheel valve-command struct (0x407344/37c/3b4/3ec) + flags for a channel.,re-trace
0x000a18ec,esc_actuation_task_step,FUNCTION,Base ESC hydraulic actuation task step (indirectly dispatched): drives esc_valve_apply_wheel (0x8fcb8) + esc_hydraulic_hw_init (0x99cd0).,re-trace
0x0007d2a8,esc_valve_cmd_phase_a,FUNCTION,"Base ESC per-wheel valve command builder (pressure-phase variant of esc_valve_apply_wheel 0x8fcb8): wheel-select via 4 structs 0x407344.., issue inlet/outlet commands.",re-trace
0x0008047c,esc_valve_cmd_phase_b,FUNCTION,Base ESC per-wheel valve command builder (pressure-phase variant; see esc_valve_apply_wheel 0x8fcb8).,re-trace
0x0008b1d4,esc_valve_cmd_phase_c,FUNCTION,Base ESC per-wheel valve command builder (pressure-phase variant; see esc_valve_apply_wheel 0x8fcb8).,re-trace
0x000934d0,esc_valve_load_wheel,FUNCTION,Loads a wheel inlet/outlet valve command from its flags (param_2+3/+7/+0xb/+0x33) via esc_cmd_slot_alloc(0x978d4) + FUN_000a1290; writes wheel valve cmd struct +0x10/+0x14/+0x18.,re-trace
0x00407344,esc_wheel_valve_cmd,LABEL,"Base ESC per-wheel valve-command structs (4x, stride 0x38: 0x407344/0x40737c/0x4073b4/0x4073ec). Hold inlet/outlet valve pressure+timing; read by esc_valve_apply_wheel (0x8fcb8), flushed to valve MMIO 0xfff7d400/d500/d600.",re-trace
0xfff7d400,esc_valve_mmio,LABEL,Base ESC hydraulic valve-bank HW registers (0xfff7d400/d500/d600 wheel channels; pump 0xfff7f0a0). The solenoid/pump actuator the ESC hydraulic pressure path drives (base ABS/ESC + external EPB/ANB Fremdbremsung requests). Init by esc_hydraulic_hw_init (0x99cd0).,re-trace
0x0040553b,anb_freigabe_gate,LABEL,"ANB freigabe/enable gate (bit3), set by anb_signal_conditioning(0x3bf58); an arm precondition in anb_decel_request_build(0x4bf3c).",re-trace
0x004055b4,anb_quality,LABEL,ANB request quality byte; must be > 0xc for the ANB arm (anb_decel_request_build 0x4bf3c).,re-trace
0x004055e4,anb_freshness_counter,LABEL,ANB request freshness/stale counter; must be < 0x37 for the ANB arm (anb_decel_request_build 0x4bf3c).,re-trace
0x00405abe,anb_status_gate,LABEL,"ANB status byte; must be in {0,4} for the ANB arm (anb_decel_request_build 0x4bf3c).",re-trace
0x00050090,com_signal_commit_record,FUNCTION,"Commits one COM signal record (com_sig_group_table_ptr + i*0x18): copies value(+0)->dest(+8), sets ready-mask(+4) into status word(+0x10), gated by type(+0x16 in {2,4,5,6}). Called per-record by com_rx_commit_all(0x76468). This is the RX signal-deposit step (runtime table built from com_sig_group_table 0xb6a44).",re-trace
0x00076468,com_rx_commit_all,FUNCTION,COM RX driver: iterates 62 signal records (stride 0x18) and calls com_signal_commit_record(0x50090) for each whose type(+0x16) != 3 (terminator). Runs every COM cycle.,re-trace
0x000503a6,com_group_status_or,FUNCTION,COM helper: ORs a signal group's ready mask (record+4) into its status word (record+0x10). Record = com_sig_group_table_ptr + param_1*0x18.,re-trace
0x0003b324,com_signal_unpack_3b324,FUNCTION,"Per-signal COM unpack/scale stage (signal indices 9/0xa/0xb/0xc/0xd/0x10), reads staging + writes conditioned buffers. Part of the front-sensor/ANB signal-extract chain.",re-trace
0x000827ac,com_group_commit_827ac,FUNCTION,COM signal-group commit stage using com_sig_group_table (0xb6a44 +0x4f8); copies grouped signal values to their dest buffers when the group is ready.,re-trace
0x00404184,com_rx_frame_404184,LABEL,"Fast-path CAN RX frame buffer (direct-handled msg, bypasses msg-cfg 0xa9fc0). Read by handler 0x827ac.",re-trace
0x00404186,com_rx_frame_404186,LABEL,"Fast-path CAN RX frame buffer, read by handler 0x76468-chain (0x50090).",re-trace
0x00404188,com_rx_frame_404188,LABEL,"Fast-path CAN RX frame buffer (direct-handled msg, bypasses msg-cfg 0xa9fc0), used by handler 0x503a6/0x50090 with descriptor 0xb7154. (NOTE: the 0x40926x buffers are NOT this frame's extract targets -- those are anb_target_filter private state; this frame's true signal dests are object-table-routed.)",re-trace
0x0040418a,com_rx_frame_40418a,LABEL,"Fast-path CAN RX frame buffer, read by handler 0x3b324.",re-trace
0x0040926a,anb_target_filter_state2,LABEL,"Part of anb_target_filter (0x8390c) PRIVATE internal state, adjacent to anb_target_filter_state(0x40926c); NOT a received CAN field. (Corrected: earlier 'descriptor 0xb7154 / frame 0x404188 field' claim was wrong -- 0x40926a-0x409273 are read/written only by anb_target_filter, they are internal filter state, not RX-extracted.)",re-trace
0x00403fa2,com_sig_037f_buf,LABEL,COM signal 0x037f (038c) dest buffer. front-sensor group (ACC_01 0x109 / ACC_10 0x117 / HCA_01 0x126 set; per-signal CAN source is object-table-routed). Consumers: FUN_0008ff88.,re-trace
0x00403fd4,com_sig_0383_buf,LABEL,COM signal 0x0383 (038c) dest buffer. front-sensor group (ACC_01 0x109 / ACC_10 0x117 / HCA_01 0x126 set; per-signal CAN source is object-table-routed). Consumers: FUN_0003fb60.,re-trace
0x00405366,com_sig_00f6_buf,LABEL,COM signal 0x00f6 (038c) dest buffer. front-sensor group (ACC_01 0x109 / ACC_10 0x117 / HCA_01 0x126 set; per-signal CAN source is object-table-routed). Consumers: FUN_0001cc34.,re-trace
0x004057fe,com_sig_07f3_buf,LABEL,COM signal 0x07f3 (038c) dest buffer. front-sensor group (ACC_01 0x109 / ACC_10 0x117 / HCA_01 0x126 set; per-signal CAN source is object-table-routed). Consumers: no static readers found (candidate monitor-only/computed-access).,re-trace
0x004057ff,com_sig_07ae_buf,LABEL,COM signal 0x07ae (038c) dest buffer. front-sensor group (ACC_01 0x109 / ACC_10 0x117 / HCA_01 0x126 set; per-signal CAN source is object-table-routed). Consumers: no static readers found (candidate monitor-only/computed-access).,re-trace
0x00405802,com_sig_07d8_buf,LABEL,COM signal 0x07d8 (038c) dest buffer. front-sensor group (ACC_01 0x109 / ACC_10 0x117 / HCA_01 0x126 set; per-signal CAN source is object-table-routed). Consumers: no static readers found (candidate monitor-only/computed-access).,re-trace
0x00405808,com_sig_07fd_buf,LABEL,COM signal 0x07fd (038c) dest buffer. front-sensor group (ACC_01 0x109 / ACC_10 0x117 / HCA_01 0x126 set; per-signal CAN source is object-table-routed). Consumers: no static readers found (candidate monitor-only/computed-access).,re-trace
0x00405812,com_sig_07db_buf,LABEL,COM signal 0x07db (038c) dest buffer. front-sensor group (ACC_01 0x109 / ACC_10 0x117 / HCA_01 0x126 set; per-signal CAN source is object-table-routed). Consumers: no static readers found (candidate monitor-only/computed-access).,re-trace
0x00405814,com_sig_07df_buf,LABEL,COM signal 0x07df (038c) dest buffer. front-sensor group (ACC_01 0x109 / ACC_10 0x117 / HCA_01 0x126 set; per-signal CAN source is object-table-routed). Consumers: no static readers found (candidate monitor-only/computed-access).,re-trace
0x00405816,com_sig_07e3_buf,LABEL,COM signal 0x07e3 (038c) dest buffer. front-sensor group (ACC_01 0x109 / ACC_10 0x117 / HCA_01 0x126 set; per-signal CAN source is object-table-routed). Consumers: no static readers found (candidate monitor-only/computed-access).,re-trace
0x00405818,com_sig_07e7_buf,LABEL,COM signal 0x07e7 (038c) dest buffer. front-sensor group (ACC_01 0x109 / ACC_10 0x117 / HCA_01 0x126 set; per-signal CAN source is object-table-routed). Consumers: no static readers found (candidate monitor-only/computed-access).,re-trace
0x0040581a,com_sig_07eb_buf,LABEL,COM signal 0x07eb (038c) dest buffer. front-sensor group (ACC_01 0x109 / ACC_10 0x117 / HCA_01 0x126 set; per-signal CAN source is object-table-routed). Consumers: FUN_000290d8.,re-trace
0x0040581c,com_sig_07ef_buf,LABEL,COM signal 0x07ef (038c) dest buffer. front-sensor group (ACC_01 0x109 / ACC_10 0x117 / HCA_01 0x126 set; per-signal CAN source is object-table-routed). Consumers: FUN_000290d8.,re-trace
0x0040582c,com_sig_07f6_buf,LABEL,COM signal 0x07f6 (038c) dest buffer. front-sensor group (ACC_01 0x109 / ACC_10 0x117 / HCA_01 0x126 set; per-signal CAN source is object-table-routed). Consumers: no static readers found (candidate monitor-only/computed-access).,re-trace
0x004058dc,com_sig_049a_buf,LABEL,"COM signal 0x049a (038c) dest buffer. front-sensor group (ACC_01 0x109 / ACC_10 0x117 / HCA_01 0x126 set; per-signal CAN source is object-table-routed). Consumers: FUN_000041c4, FUN_00004f18.",re-trace
0x00406800,com_sig_0331_buf,LABEL,"COM signal 0x0331 (038c) dest buffer. front-sensor group (ACC_01 0x109 / ACC_10 0x117 / HCA_01 0x126 set; per-signal CAN source is object-table-routed). Consumers: FUN_00076fc0, FUN_00095ad6.",re-trace
0x0040680c,com_sig_0311_buf,LABEL,"COM signal 0x0311 (038c) dest buffer. front-sensor group (ACC_01 0x109 / ACC_10 0x117 / HCA_01 0x126 set; per-signal CAN source is object-table-routed). Consumers: FUN_00095ad6, FUN_000f6164, FUN_000f7224, FUN_000f7478.",re-trace
0x00406810,com_sig_0317_buf,LABEL,COM signal 0x0317 (038c) dest buffer. front-sensor group (ACC_01 0x109 / ACC_10 0x117 / HCA_01 0x126 set; per-signal CAN source is object-table-routed). Consumers: FUN_00095ad6.,re-trace
0x00406814,com_sig_031d_buf,LABEL,"COM signal 0x031d (038c) dest buffer. front-sensor group (ACC_01 0x109 / ACC_10 0x117 / HCA_01 0x126 set; per-signal CAN source is object-table-routed). Consumers: FUN_00076fc0, FUN_000f59f0, FUN_000f5a84, FUN_000f5b14.",re-trace
0x0040681e,com_sig_0329_buf,LABEL,"COM signal 0x0329 (038c) dest buffer. front-sensor group (ACC_01 0x109 / ACC_10 0x117 / HCA_01 0x126 set; per-signal CAN source is object-table-routed). Consumers: FUN_000f5900, FUN_000f59f0, FUN_000f91a4.",re-trace
0x00406820,com_sig_032d_buf,LABEL,"COM signal 0x032d (038c) dest buffer. front-sensor group (ACC_01 0x109 / ACC_10 0x117 / HCA_01 0x126 set; per-signal CAN source is object-table-routed). Consumers: FUN_00085e2c, FUN_00095ad6, FUN_000f59f0, FUN_000f91a4.",re-trace
0x004068a6,com_sig_0357_buf,LABEL,"COM signal 0x0357 (038c) dest buffer. front-sensor group (ACC_01 0x109 / ACC_10 0x117 / HCA_01 0x126 set; per-signal CAN source is object-table-routed). Consumers: FUN_00075774, FUN_000f901c, FUN_000f94c4.",re-trace
0x004068ae,com_sig_0361_buf,LABEL,COM signal 0x0361 (038c) dest buffer. front-sensor group (ACC_01 0x109 / ACC_10 0x117 / HCA_01 0x126 set; per-signal CAN source is object-table-routed). Consumers: no static readers found (candidate monitor-only/computed-access).,re-trace
0x004068b6,com_sig_036b_buf,LABEL,COM signal 0x036b (038c) dest buffer. front-sensor group (ACC_01 0x109 / ACC_10 0x117 / HCA_01 0x126 set; per-signal CAN source is object-table-routed). Consumers: no static readers found (candidate monitor-only/computed-access).,re-trace
0x004068be,com_sig_0375_buf,LABEL,COM signal 0x0375 (038c) dest buffer. front-sensor group (ACC_01 0x109 / ACC_10 0x117 / HCA_01 0x126 set; per-signal CAN source is object-table-routed). Consumers: no static readers found (candidate monitor-only/computed-access).,re-trace
0x00406950,com_sig_0347_buf,LABEL,"COM signal 0x0347 (038c) dest buffer. front-sensor group (ACC_01 0x109 / ACC_10 0x117 / HCA_01 0x126 set; per-signal CAN source is object-table-routed). Consumers: FUN_0009a7c4, FUN_000f3fec, FUN_000f45a8, FUN_000f4a88.",re-trace
0x00406956,com_sig_034f_buf,LABEL,COM signal 0x034f (038c) dest buffer. front-sensor group (ACC_01 0x109 / ACC_10 0x117 / HCA_01 0x126 set; per-signal CAN source is object-table-routed). Consumers: FUN_0009a7c4.,re-trace
0x004079da,com_sig_04ab_buf,LABEL,COM signal 0x04ab (038c) dest buffer. front-sensor group (ACC_01 0x109 / ACC_10 0x117 / HCA_01 0x126 set; per-signal CAN source is object-table-routed). Consumers: no static readers found (candidate monitor-only/computed-access).,re-trace
0x004079db,com_sig_04a8_buf,LABEL,COM signal 0x04a8 (038c) dest buffer. front-sensor group (ACC_01 0x109 / ACC_10 0x117 / HCA_01 0x126 set; per-signal CAN source is object-table-routed). Consumers: FUN_00028ef0.,re-trace
0x004079dc,com_sig_0403_buf,LABEL,"COM signal 0x0403 (038c) dest buffer. front-sensor group (ACC_01 0x109 / ACC_10 0x117 / HCA_01 0x126 set; per-signal CAN source is object-table-routed). Consumers: FUN_00028ef0, FUN_0008b850.",re-trace
0x004079de,com_sig_0497_buf,LABEL,"COM signal 0x0497 (038c) dest buffer. front-sensor group (ACC_01 0x109 / ACC_10 0x117 / HCA_01 0x126 set; per-signal CAN source is object-table-routed). Consumers: FUN_0001cc34, FUN_00033338.",re-trace
0x00407a04,com_sig_0437_buf,LABEL,COM signal 0x0437 (grpff) dest buffer. front-sensor group (ACC_01 0x109 / ACC_10 0x117 / HCA_01 0x126 set; per-signal CAN source is object-table-routed). Consumers: no static readers found (candidate monitor-only/computed-access).,re-trace
0x00407a08,com_sig_04c2_buf,LABEL,COM signal 0x04c2 (grpff) dest buffer. front-sensor group (ACC_01 0x109 / ACC_10 0x117 / HCA_01 0x126 set; per-signal CAN source is object-table-routed). Consumers: no static readers found (candidate monitor-only/computed-access).,re-trace
0x00407a0c,com_sig_0466_buf,LABEL,COM signal 0x0466 (grpff) dest buffer. front-sensor group (ACC_01 0x109 / ACC_10 0x117 / HCA_01 0x126 set; per-signal CAN source is object-table-routed). Consumers: FUN_00028ef0.,re-trace
0x00407a10,com_sig_0481_buf,LABEL,COM signal 0x0481 (grpff) dest buffer. front-sensor group (ACC_01 0x109 / ACC_10 0x117 / HCA_01 0x126 set; per-signal CAN source is object-table-routed). Consumers: no static readers found (candidate monitor-only/computed-access).,re-trace
0x00407a18,com_sig_04c7_buf,LABEL,COM signal 0x04c7 (grpff) dest buffer. front-sensor group (ACC_01 0x109 / ACC_10 0x117 / HCA_01 0x126 set; per-signal CAN source is object-table-routed). Consumers: no static readers found (candidate monitor-only/computed-access).,re-trace
0x00407ac8,com_sig_033f_buf,LABEL,COM signal 0x033f (038c) dest buffer. front-sensor group (ACC_01 0x109 / ACC_10 0x117 / HCA_01 0x126 set; per-signal CAN source is object-table-routed). Consumers: FUN_0009ff82.,re-trace
0x00407aca,com_sig_0343_buf,LABEL,"COM signal 0x0343 (038c) dest buffer. front-sensor group (ACC_01 0x109 / ACC_10 0x117 / HCA_01 0x126 set; per-signal CAN source is object-table-routed). Consumers: FUN_0008ce70, FUN_0009ff82.",re-trace
0x00407ce2,radar_obj_hdr,LABEL,COM signal 0x03f4 (038c) dest buffer. front-sensor group (ACC_01 0x109 / ACC_10 0x117 / HCA_01 0x126 set; per-signal CAN source is object-table-routed). Consumers: FUN_00049940.,re-trace
0x00407ce8,radar_obj_a,LABEL,COM signal 0x004f (038c) dest buffer. front-sensor group (ACC_01 0x109 / ACC_10 0x117 / HCA_01 0x126 set; per-signal CAN source is object-table-routed). Consumers: FUN_00049940.,re-trace
0x00407cf0,radar_obj_b_26B,LABEL,COM signal 0x03bc (038c) dest buffer. front-sensor group (ACC_01 0x109 / ACC_10 0x117 / HCA_01 0x126 set; per-signal CAN source is object-table-routed). Consumers: no static readers found (candidate monitor-only/computed-access).,re-trace
0x00407d0a,radar_obj_c_26B,LABEL,COM signal 0x03d8 (038c) dest buffer. front-sensor group (ACC_01 0x109 / ACC_10 0x117 / HCA_01 0x126 set; per-signal CAN source is object-table-routed). Consumers: no static readers found (candidate monitor-only/computed-access).,re-trace
0x00407d45,com_sig_02bb_buf,LABEL,COM signal 0x02bb (038c) dest buffer. front-sensor group (ACC_01 0x109 / ACC_10 0x117 / HCA_01 0x126 set; per-signal CAN source is object-table-routed). Consumers: no static readers found (candidate monitor-only/computed-access).,re-trace
0x00407d50,com_sig_026b_buf,LABEL,COM signal 0x026b (038c) dest buffer. front-sensor group (ACC_01 0x109 / ACC_10 0x117 / HCA_01 0x126 set; per-signal CAN source is object-table-routed). Consumers: no static readers found (candidate monitor-only/computed-access).,re-trace
0x0040834c,com_sig_02bf_buf,LABEL,COM signal 0x02bf (038c) dest buffer. front-sensor group (ACC_01 0x109 / ACC_10 0x117 / HCA_01 0x126 set; per-signal CAN source is object-table-routed). Consumers: no static readers found (candidate monitor-only/computed-access).,re-trace
0x00408389,com_sig_02d3_buf,LABEL,COM signal 0x02d3 (038c) dest buffer. front-sensor group (ACC_01 0x109 / ACC_10 0x117 / HCA_01 0x126 set; per-signal CAN source is object-table-routed). Consumers: no static readers found (candidate monitor-only/computed-access).,re-trace
0x00408658,com_sig_0010_buf,LABEL,COM signal 0x0010 (038c) dest buffer. front-sensor group (ACC_01 0x109 / ACC_10 0x117 / HCA_01 0x126 set; per-signal CAN source is object-table-routed). Consumers: no static readers found (candidate monitor-only/computed-access).,re-trace
0x0040865c,com_sig_04d4_buf,LABEL,"COM signal 0x04d4 (038c) dest buffer. front-sensor group (ACC_01 0x109 / ACC_10 0x117 / HCA_01 0x126 set; per-signal CAN source is object-table-routed). Consumers: FUN_0006ff04, FUN_000702e4, FUN_00070470.",re-trace
0x0040872c,com_sig_03b9_buf,LABEL,COM signal 0x03b9 (038c) dest buffer. front-sensor group (ACC_01 0x109 / ACC_10 0x117 / HCA_01 0x126 set; per-signal CAN source is object-table-routed). Consumers: no static readers found (candidate monitor-only/computed-access).,re-trace
0x00408e8c,com_sig_02d7_buf,LABEL,COM signal 0x02d7 (038c) dest buffer. front-sensor group (ACC_01 0x109 / ACC_10 0x117 / HCA_01 0x126 set; per-signal CAN source is object-table-routed). Consumers: FUN_0007e090.,re-trace
0x00408f0c,com_sig_047b_buf,LABEL,COM signal 0x047b (038c) dest buffer. front-sensor group (ACC_01 0x109 / ACC_10 0x117 / HCA_01 0x126 set; per-signal CAN source is object-table-routed). Consumers: FUN_000033ac.,re-trace
0x00408f10,com_sig_046f_buf,LABEL,"COM signal 0x046f (038c) dest buffer. front-sensor group (ACC_01 0x109 / ACC_10 0x117 / HCA_01 0x126 set; per-signal CAN source is object-table-routed). Consumers: FUN_000041c4, FUN_0001d7a8, FUN_0003d13c, FUN_00049780.",re-trace
0x00408f18,com_sig_04b6_buf,LABEL,"COM signal 0x04b6 (038c) dest buffer. front-sensor group (ACC_01 0x109 / ACC_10 0x117 / HCA_01 0x126 set; per-signal CAN source is object-table-routed). Consumers: FUN_0006a71c, FUN_0006a9d4.",re-trace
0x00408f94,com_sig_0018_buf,LABEL,COM signal 0x0018 (038c) dest buffer. front-sensor group (ACC_01 0x109 / ACC_10 0x117 / HCA_01 0x126 set; per-signal CAN source is object-table-routed). Consumers: FUN_0007fb20.,re-trace
0x0040919c,com_sig_00f2_buf,LABEL,COM signal 0x00f2 (038c) dest buffer. front-sensor group (ACC_01 0x109 / ACC_10 0x117 / HCA_01 0x126 set; per-signal CAN source is object-table-routed). Consumers: FUN_0009372c.,re-trace
0x004092bc,com_sig_0034_buf,LABEL,COM signal 0x0034 (038c) dest buffer. front-sensor group (ACC_01 0x109 / ACC_10 0x117 / HCA_01 0x126 set; per-signal CAN source is object-table-routed). Consumers: FUN_00095db8.,re-trace
0x00409431,com_sig_0301_buf,LABEL,COM signal 0x0301 (038c) dest buffer. front-sensor group (ACC_01 0x109 / ACC_10 0x117 / HCA_01 0x126 set; per-signal CAN source is object-table-routed). Consumers: no static readers found (candidate monitor-only/computed-access).,re-trace
0x0040943d,com_sig_038f_buf,LABEL,"COM signal 0x038f (038c) dest buffer. front-sensor group (ACC_01 0x109 / ACC_10 0x117 / HCA_01 0x126 set; per-signal CAN source is object-table-routed). Consumers: FUN_0001cc34, FUN_0002133c, FUN_00033338, FUN_00040794.",re-trace
